Title,Category,Link,Link2,Link3,SubCategory,SubCategory2,Tags
Tank Cleaning Center,UnrealEngine,https://pan.baidu.com/s/1vrx7ZeLTNf6XXOxfytVr0w?pwd=2580,,,场景素材,,"工厂,油罐车,厂房,车间,管道"
Highpoly rubble,UnrealEngine,https://pan.baidu.com/s/1E7Wo2yPXa3fLzNyxhjeH2A?pwd=2580,,,场景素材,,"废墟,碎石,沙石,瓦砾"
Construction Site,UnrealEngine,https://pan.baidu.com/s/1lSHkorTIKa5oRf41NAQQSQ?pwd=2580,,,,,"工地,拖车,碎石,工厂,集装箱,吊塔,地面"
Sci-Fi Industrial,UnrealEngine,https://pan.baidu.com/s/1TDsCJCJXai1VpezkSWQ__Q?pwd=2580,,,,,城市，建筑，大楼，未来
NVIDIA DLSS,UnrealEngine,https://www.fab.com/listings/49dbe697-858b-47e3-a8ad-5fd07f86e40a,,,引擎插件,,"DLSS, 优化, 光线重建, 抗锯齿, 补帧, 超分辨率, 锐化"
RainforestPack,UnrealEngine,https://pan.baidu.com/s/1CJOL0t68B28MtTDVwkyWmA?pwd=2580,,,,,"森林, 植被, 灌木"
MedievalVillage,UnrealEngine,https://pan.baidu.com/s/1Ad0Z7Z-Al2Y_HlIs3ehpew?pwd=2580#list/path=%2F,,,,,"农庄, 巨树, 村庄, 泥路"
RealCitySF,UnrealEngine,https://pan.baidu.com/s/10xjxnJJ9x90vSivzqVR4Bg?pwd=2580,,,,,"城市, 街道"
AUNARDI_N8,UnrealEngine,https://pan.baidu.com/s/1Tw7eAHBuay9ra5MnEtpiFA?pwd=2580#list/path=%2F,,,,,"汽车, 赛车, 跑车, 车辆, 载具"
PostApocalypseCity,UnrealEngine,https://pan.baidu.com/s/1KjFHPytF0IEwDHYnHp74SA?pwd=2580#list/path=%2F,,,,,"室外, 居民区, 巨树, 废弃, 末日, 藤蔓, 街道"
Scene,UnrealEngine,https://pan.baidu.com/s/1aeQoRZA3q8spR0x12HqexQ?pwd=2580#list/path=%2F,,,,,"山石, 森林, 植被, 灌木"
CyberPunk_street,UnrealEngine,https://pan.baidu.com/s/16FFQzW-BdZYVgReR48BnMA?pwd=2580,,,,,"人文, 巷子, 广告牌, 电缆, 管道, 街道"
TheForest,UnrealEngine,https://pan.baidu.com/s/1VT79YH7yWdqv8zqAm6qMvA?pwd=2580,,,,,"森林, 植被, 灌木"
Tropical_Jungle_Pack,UnrealEngine,https://pan.baidu.com/s/13JFvP916JKB3E0cYgYjDdw?pwd=2580,,,,,"森林, 植被, 灌木"
PostSovietCity,UnrealEngine,https://pan.baidu.com/s/1w5KY0ZMRdjc-kGRH7dywNA?pwd=2580,,,,,"人文, 城市, 居民区, 废弃, 街道"
Tokyo Stylized Environment,UnrealEngine,https://pan.baidu.com/s/1c4KDju_T2LfCpBPE4lzaZw?pwd=2580,,,,,"人文, 居民区, 巷子, 日本, 现代, 街道"
AdvancedPhotoMode,UnrealEngine,https://pan.baidu.com/s/1sgaPoO9PEFDZKEz7ZyHKmg?pwd=2580#list/path=%2F,,,,,"图库, 拍照, 滤镜, 调色, 镜头"
Cable_kit,UnrealEngine,https://pan.baidu.com/s/1uVzn33CzKUZc-8DV4iGNWA?pwd=2580,,,,,"电缆, 管道"
Blockout Tools Plugin,UnrealEngine,https://pan.baidu.com/s/1qfyoDWswJFy0_bMbHUa9aw?pwd=2580#list/path=%2F,,,,,"白模, 白盒"
NYC1950,UnrealEngine,https://pan.baidu.com/s/1E6ACDho2ihpfpr_tQIEKKQ?pwd=2580,,,,,"人文, 城市, 居民区, 广告牌, 白模, 白盒, 街道"
TropicalIslandPack,UnrealEngine,https://pan.baidu.com/s/1DB1PF6mo7GQANoppdHFlaw?pwd=2580#list/path=%2F,,,,,"森林, 植被, 灌木"
PostDistrict,UnrealEngine,https://pan.baidu.com/s/1bU-LeYUZM92q525oOTWImg?pwd=2580,,,,,"人文, 废弃, 末日, 街道"
Tether Procedural Cable Rope,UnrealEngine,https://pan.baidu.com/s/1uEqdHTM8Nf4RvfggUSBmiA?pwd=2580#list/path=%2F,,,,,"电缆, 程序化, 管道, 绳索"
BlockingStarterPack,UnrealEngine,https://pan.baidu.com/s/1CqpiLR7Eh7TpYqn8GGKwHA?pwd=2580,,,,,"Layout, 基础形状, 白模, 白盒"
FeudalJapan_Meshingun,UnrealEngine,https://pan.baidu.com/s/1CfdpFHah--QUP6Uis6UfCA?pwd=2580,,,,,"人文, 古代, 寺庙, 巷子, 街道"
OffRoadVehicle,UnrealEngine,https://pan.baidu.com/s/1Qzydo0ItJhtV6_8fuFem1g?pwd=2580,,,,,"汽车, 警车, 车辆"
KyotoAlley,UnrealEngine,https://pan.baidu.com/s/112BhYZl2VR7xwyX8ifPNhA,,,,,"古代, 寺庙, 巷子, 街道"
FeudalJapan_Meshingun,UnrealEngine,https://pan.baidu.com/s/1LzrErUwsykNCY7lN9uwuSQ?pwd=2580#list/path=%2F,,,,,"人文, 农庄, 村庄"
Fishing_boats,UnrealEngine,https://pan.baidu.com/s/1R0AFJZ7368Op1jVxmhDziQ?pwd=2580,,,,,"渔网, 船, 道具"
Muddy_Roads_Mat_Pack,UnrealEngine,https://pan.baidu.com/s/13p6RvzlwqrDl_wIVVF9Dfg#list/path=%2F,,,,,"程序化, 蓝图, 道路"
USCANS_WindTemple,UnrealEngine,https://pan.baidu.com/s/1G5kehkb4deXufNoNrOsdEg,,,,,"人文, 古代, 寺庙, 遗迹"
ASIAN_Cave,UnrealEngine,https://pan.baidu.com/s/1lotnEFqEaBD0BLL27ucSGQ?pwd=2580,,,,,"人文, 古代, 遗迹"
SL_Beech_Forest,UnrealEngine,https://pan.baidu.com/s/1baqqdOrPl6wbbH38LdgRrA?pwd=2580,,,,,"森林, 灌木, 道路"
NordicConiferBiome,UnrealEngine,https://pan.baidu.com/s/1gT03XtQ_kMq07v1bsdGouA?pwd=2580,,,,,"森林, 植被, 灌木, 高精度岩石"
BambooValley,UnrealEngine,https://pan.baidu.com/s/18oiXThEeND2gCu5WCawXSg?pwd=2580,,,,,"泥路, 竹林, 草地"
ASIAN_ForestTown_YOS3D,UnrealEngine,https://pan.baidu.com/s/19Sef8tksdVm9WFcTXUeEJA?pwd=2580#list/path=%2F,,,,,"人文, 古代, 寺庙, 村庄, 街道"
AtmosphericHouse,UnrealEngine,https://pan.baidu.com/s/1ML4e8pS1uvqwWyEbaa8fQg?pwd=2580,,,,,"人文, 卧室, 浴室, 破损"
DeepInTheForest,UnrealEngine,https://pan.baidu.com/s/1s5sGA9dSOvuzFEiZPC5kmQ?pwd=2580#list/path=%2F,,,,,"森林, 植被, 灌木, 遗迹, 雕像"
Barnyard_Vol3_Barn,UnrealEngine,https://pan.baidu.com/s/1S0LQEicnrp-AYYpE8KbP3Q?pwd=2580,,,,,"农庄, 居民区, 废弃, 村庄, 现代"
VikingEnv,UnrealEngine,https://pan.baidu.com/s/1qs4AjRd8NcjNZAUm-rE8qA?pwd=2580#list/path=%2F,,,,,"人文, 古代, 村庄, 街道"
HQRetroFarmhouse,UnrealEngine,https://pan.baidu.com/s/182p0rEtNRZ0ILf4WMsVvgw?pwd=2580,,,,,"卧室, 居民区, 废弃, 浴室, 现代"
XBH_Vegetation,UnrealEngine,https://pan.baidu.com/s/1-ASTdwSb_cR1LMnPKGOkhg?pwd=2580,,,,,"竹林, 草地"
PhotoR_Backgrounds,UnrealEngine,https://pan.baidu.com/s/1-0s0V9SeHcatSdejxBB6iA?pwd=2580,,,,,"背景山脉, 远山"
Oriental_pictures,UnrealEngine,https://pan.baidu.com/s/1fKMS_qyJzm4eq6iuaAPhlg?pwd=2580,,,,,"寺庙, 竹林, 草地"
StoneBoulders,UnrealEngine,https://pan.baidu.com/s/1HXZ7BgMpN1ONrjPrCh3FmA?pwd=2580,,,,,"山石, 高精度岩石"
RealBiomes,UnrealEngine,https://pan.baidu.com/s/14Lw_KcTbAW-9z8t0ca3MOA?pwd=2580,,,,,"山石, 红木森林, 道路, 高精度岩石"
Bamboo_Pack,UnrealEngine,https://pan.baidu.com/s/1jpt5mC6LiBRl7Zj4qH_cvA?pwd=2580,,,,,"竹林, 草地"
ManagerOffice,UnrealEngine,https://pan.baidu.com/s/178c163uYgBkcESXpAOc-FQ?pwd=2580,,,,,"办公室, 卧室, 室内"
OldFactory,UnrealEngine,https://pan.baidu.com/s/14aAH0JmQlXI5vMTuH55HkA?pwd=2580,,,,,"居民区, 废弃, 废弃大楼"
CyberpunkDowntown,UnrealEngine,https://pan.baidu.com/s/1hCDd_XYmn-Ng_tE_SCM1Xw?pwd=2580,,,,,"人文, 居民区, 巷子, 街道"
LastBastion,UnrealEngine,,,,,,"化学, 工厂, 废弃"
Ships_Graveyard,UnrealEngine,https://pan.baidu.com/s/1NKAU_ALQeWCvkf12oxMqXQ?pwd=2580,,,,,"废墟, 港口, 船舶"
VistaBuildings,UnrealEngine,https://pan.baidu.com/s/1QMySO4ENxPMe0F8BFDiOfw?pwd=2580#list/path=%2F,,,,,"建筑群, 远景, 高楼大厦"
Hospital,UnrealEngine,https://pan.baidu.com/s/10vCZN3EIQACzAbV050SKFA?pwd=2580,,,,,"医院, 垃圾, 废弃"
Ancient Cathedral,UnrealEngine,https://pan.baidu.com/s/1VVGr-OZd1sqsKTYHaFt_KQ?pwd=2580,,,,,"教堂, 祭祀, 蜡烛"
Hong_Kong_Street,UnrealEngine,https://pan.baidu.com/s/1JstdWDWGlUrRpAz7TVnHeg,,,,,"人文, 城市, 巷子, 街道"
officeA,UnrealEngine,https://pan.baidu.com/s/1mFL9RdyguIS_8b2M-I6qFg?pwd=2580#list/path=%2F,,,,,"人文, 写实, 室内"
CyberSubway,UnrealEngine,https://pan.baidu.com/s/1qG9R8uhAELWRiomh_v7bNw#list/path=%2F,,,,,"人文, 地铁站, 站台"
Bazaar,UnrealEngine,https://pan.baidu.com/s/1X1ljs1rkO_EFOnuLSUuQ7Q?pwd=2580,,,,,"摊位, 水果, 蔬菜, 集市"
Subway,UnrealEngine,,,,,,"人文, 地铁, 隧道"
Cyberpunk MEGApack Environment Bundle,UnrealEngine,https://pan.baidu.com/s/1RzOi7_B0gqhNo31GbJjD4g,,,,,"垃圾, 废品, 管道"
Anemoia Manor,UnrealEngine,https://pan.baidu.com/s/1b1ZErYPZL47-wLBzcA2gZg?pwd=2580,,,,,"别墅阁楼, 卧室, 复古"
CyberPunkMegapack,UnrealEngine,https://pan.baidu.com/s/1wTM7JWQh3S8ySbJkyCSP8Q?pwd=2580,,,,,"人文, 夜景, 建筑群, 街道"
DeepMarket,UnrealEngine,https://pan.baidu.com/s/1eXSv_hOLBtmL5L7-nWlNAA?pwd=2580,,,,,"商摊, 水果, 蔬菜, 集市"
Tea_house,UnrealEngine,https://pan.baidu.com/s/1Xq7DnFFOuOrGLCE2fKJYIQ?pwd=2580#list/path=%2F,,,,,"别墅阁楼, 园林, 禅院"
BumpingPub,UnrealEngine,https://pan.baidu.com/s/159jPEOF7louvgvLNK9rz9g?pwd=2580,,,,,"中世界, 中世纪, 人文, 小酒馆"
Stable,UnrealEngine,https://pan.baidu.com/s/1M0YOCm_us1KClFfje076OA?pwd=2580,,,,,"木屋, 饲养棚, 马棚"
DarkCastle,UnrealEngine,https://pan.baidu.com/s/1e4PoI4O3jqxB6oLNFKiD8A?pwd=2580,,,,,"地下, 城堡, 遗迹"
R2 REALISTIC HOUSE PACK,UnrealEngine,https://pan.baidu.com/s/1qbY3gR8j9OVfm9u91FHuCA?pwd=2580,,,,,"别墅阁楼, 阁楼室内"
Scifi Cyberpunk Futuristic building Bundle,UnrealEngine,https://pan.baidu.com/s/1ALIlGSW8cJqQIEEApzYiGQ?pwd=2580#list/path=%2F,,,,,"城市, 建筑群, 霓虹"
TheMetro,UnrealEngine,https://pan.baidu.com/s/1rIze1Cb0CzuMe8W6SpHszw?pwd=2580,,,,,"地铁, 废品, 站台"
UCreate - Fractal Toolkit,UnrealEngine,https://pan.baidu.com/s/1wlgrsmYzw6cfjvLYFN_4AQ?pwd=2580,,,,,"分形, 噪波, 奇异"
Neon City,UnrealEngine,https://pan.baidu.com/s/1QZNcjox8lUgV2dzIZTYmRA?pwd=2580,,,,,"城市, 建筑群, 霓虹"
IndustrialFactory,UnrealEngine,https://pan.baidu.com/s/1hMbA5CVA1qL12j1Z6na7CA?pwd=2580,,,,,"工厂, 废墟, 废弃大楼"
Cyberpunk_Arcade,UnrealEngine,https://pan.baidu.com/s/1kV3UnivaqPQeZDTrAYsJvg?pwd=2580,,,,,"人文, 巷子, 街道"
Small Town American Bank Vault,UnrealEngine,https://pan.baidu.com/s/16_SaLBt2jidpwkF8I1Ci-Q?pwd=2580,,,,,"室内, 金库, 银行"
MultistoryDungeons,UnrealEngine,https://pan.baidu.com/s/11O-KDNz9tuf_qhVHUJSEGA?pwd=2580,,,,,"地下城, 地堡"
BeachPack,UnrealEngine,https://pan.baidu.com/s/1wVnG9i2K6EOEkH5CK6gQhA?pwd=2580,,,,,"娱乐设施, 沙滩, 浴场, 海滩"
Trainyard,UnrealEngine,https://pan.baidu.com/s/1S6ts6JLc8KZXmlwSG8QBeQ?pwd=2580,,,,,"地铁站, 火车站"
Archmodels for UE vol 8,UnrealEngine,https://pan.baidu.com/s/1PNnn1Go99FRHhpEe7DDJ7g?pwd=2580#list/path=%2F,,,,,"城市, 建筑群, 街道"
Desert Gas Station,UnrealEngine,https://pan.baidu.com/s/1TlMqWVAfv5ZQcJDJbYHtrA?pwd=2580,,,,,"加油站, 沙漠, 荒漠"
ChineseCityAlley,UnrealEngine,https://pan.baidu.com/s/16PXBYqvtD0VBWTrzUV5bFw?pwd=2580,,,,,"人文, 国风, 巷子, 街道"
BrooklynAlley,UnrealEngine,https://pan.baidu.com/s/1GvHMOdLqA1NsRKVH_w4eNQ?pwd=2580,,,,,"城市, 夜景, 巷子, 纽约"
ModernCityBundle,UnrealEngine,https://pan.baidu.com/s/1t7RWyEDiNrrEc2MoNXuG7g?pwd=2580,,,,,"人文, 城市, 街道"
Container Yard Environment Set,UnrealEngine,https://pan.baidu.com/s/1zMQbXZx4lKGHIMvaR1E0ng,,,,,"渔村, 渔船, 港口, 码头, 货港"
Sewerage,UnrealEngine,https://pan.baidu.com/s/1YLoZE8STppRzcxRNWBNPqg?pwd=2580,,,,,"下水道, 废弃, 隧道"
SubwayTrain,UnrealEngine,https://pan.baidu.com/s/1wba79WsKnWJ6LUKtfSn4kQ?pwd=2580,,,,,"地铁站, 站台, 车厢"
DMX,UnrealEngine,https://pan.baidu.com/s/1J-ET6I8UbEbN7zTPu1fk_Q?pwd=2580,,,,,"射灯, 舞台灯光"
steampunkWorkshop,UnrealEngine,https://pan.baidu.com/s/10bjbFi5pE4d4jilCcx8kyA?pwd=2580,,,,,"博物馆, 工厂, 蒸汽朋克"
City Subway Tunnel,UnrealEngine,https://pan.baidu.com/s/1Y2SA9jlTFyszod1GNI4pGg?pwd=2580,,,,,"人文, 废弃, 隧道"
Marmudella House Mega Pack V4,UnrealEngine,https://pan.baidu.com/s/1TJwYGVBgnDO4eMNZmricaQ?pwd=2580,,,,,"别墅阁楼, 复古, 花园"
SG_Condominium,UnrealEngine,https://pan.baidu.com/s/1rpjO_AztnmVsF4PAtmmHkA?pwd=2580,,,,,"卧室, 厨房, 酒店"
Synthwave_city,UnrealEngine,https://pan.baidu.com/s/15i2aLSBKdsYNtCYF2iW97w?pwd=2580,,,,,"城市, 建筑群, 霓虹"
ModularConcertStage,UnrealEngine,https://pan.baidu.com/s/1sPriF3bGx8gTQ6xe8lZrww?pwd=2580,,,,,"射灯, 演唱会, 舞台灯光"
The Last Stop,UnrealEngine,https://pan.baidu.com/s/16ofOYNpsUO7Pc3WnvOVpQA?pwd=2580,,,,,"丧尸, 加油站, 站台"
MedievalDocks,UnrealEngine,https://pan.baidu.com/s/1eN4vQ9pBJv93h20bgWTj5g?pwd=2580,,,,,"渔船, 港口, 码头"
NightClub,UnrealEngine,https://pan.baidu.com/s/1yMbV6-g8Kq2Z-AvnHYZdrw?pwd=2580,,,,,"KTV, 射灯, 舞台灯光"
CyberpunkAlleyPack,UnrealEngine,https://pan.baidu.com/s/1Y97Tcl9oYiTvCXOZAM7A4Q?pwd=2580,,,,,"夜景, 街道, 霓虹"
Abandoned_City,UnrealEngine,https://pan.baidu.com/s/1tEX-Dd1s3W4S5TW2TfyJwQ?pwd=2580,,,,,"人文, 别墅阁楼, 居民区, 废弃, 街道"
Old Industrial City and Shipyard,UnrealEngine,https://pan.baidu.com/s/1Sz5CHQPE7rMEWEapoRErWA?pwd=2580,,,,,"渔村, 码头, 货港"
Horror_Hospital,UnrealEngine,https://pan.baidu.com/s/1ckruJiFsCzZkf2tVkOC0TQ?pwd=2580,,,,,"医院, 垃圾, 废品, 废墟"
OperatingRoom,UnrealEngine,https://pan.baidu.com/s/1NtlKP4tmb9wnGekjD5NPeg?pwd=2580,,,,,"医院, 手术室, 操纵台"
PostApocalypticDesert,UnrealEngine,https://pan.baidu.com/s/1ydADCdPZMZmGkRrRHYo_Ow?pwd=2580,,,,,"废弃车辆, 沙漠, 站台"
CyberpunkCity,UnrealEngine,https://pan.baidu.com/s/1t0fmGOifVKdLlKYDryKpcg,,,,,"街道, 远景, 高楼大厦"
CrystalVFX,UnrealEngine,https://pan.baidu.com/s/1wsdlk6ZuZrjBUBJdDRpyzw?pwd=2580,,,,,"全息材质, 水晶材质, 赛博朋克"
Screenmaterials,UnrealEngine,https://pan.baidu.com/s/1c2ScWJVUGhwQOsqEhk3CAQ?pwd=2580,,,,,"全息材质, 赛博朋克, 霓虹"
PostFX GlobalScan,UnrealEngine,https://pan.baidu.com/s/172tke_ADJrRLJSWHmLARyg?pwd=2580,,,,,"发光材质贴花, 描边材质, 霓虹材质"
Hologram,UnrealEngine,https://pan.baidu.com/s/1LJuQGKvZofWAaY2NRm5VTw?pwd=2580,,,,,"全息材质, 舞台灯光, 赛博朋克, 霓虹"
CyberpunkHolograms,UnrealEngine,,,,,,"城市, 赛博朋克, 霓虹"
Electronic Nodes,UnrealEngine,https://pan.baidu.com/s/14uKVfKKwNmNAHDGcRsPo8Q?pwd=2580#list/path=%2F,https://pan.baidu.com/s/14uKVfKKwNmNAHDGcRsPo8Q?pwd=2580#list/path=%2F,,,,"界面美化, 节点连线, 蓝图节点"
"
RainSymbols_VFX",UnrealEngine,,,,,,"粒子特效, 霓虹发光, 黑客帝国"
Cyber Night City Asset Pack,UnrealEngine,https://pan.baidu.com/s/1Y2DO13pAplXgVvedm-M-BA?pwd=2580,,,,,"城市, 赛博朋克, 霓虹"
LocalSobel,UnrealEngine,https://pan.baidu.com/s/1r_oSnsUun4GmAPeuSOVjCg?pwd=2580#list/path=%2F,,,,,"发光材质贴花, 描边材质, 霓虹材质"
DotMatrix,UnrealEngine,https://pan.baidu.com/s/1iGV1uFyo-sC78a3cBSk5Qw?pwd=2580,,,,,"发光材质贴花, 点阵, 霓虹"
Cyberpunklndustries,UnrealEngine,,,,,,"地下城, 工厂"
Arctic Base,UnrealEngine,https://pan.baidu.com/s/1pTMW3UhyP52_DM148OCy4w?pwd=2580,,,,,"北极, 基地, 房屋"
BattleField_Desert,UnrealEngine,https://pan.baidu.com/s/13iNX8DoATcY2HVzG03SmYw?pwd=2580,,,,,"土屋, 战地, 沙漠"
TheBasement,UnrealEngine,https://pan.baidu.com/s/1meBJ-WdlcZvsnBrk1u7vIA?pwd=2580,,,,,"修理厂, 工具, 车间"
ResidentialGarage,UnrealEngine,https://pan.baidu.com/s/1u485OZe69eXFmRjL8ibj-A?pwd=2580,,,,,"储物室, 工具, 车间"
Antiquity3D,UnrealEngine,https://pan.baidu.com/s/11w46FdSsVCNly8AR4zj9Lw?pwd=2580,,,,,"古罗马, 废墟, 遗迹"
WWITrench,UnrealEngine,https://pan.baidu.com/s/1Npb5-nUmgypY0_c_HNIuIQ?pwd=2580,,,,,"战地, 营地"
US_Military,UnrealEngine,https://pan.baidu.com/s/1vOseyomCi4L97pGWusPo6A?pwd=2580,,,,,"基地, 战地, 武器, 装甲车"
JapaneseSchool_ComputerRoom,UnrealEngine,https://pan.baidu.com/s/1f30Bkq5T1amOSZmBD-rlAQ?pwd=2580,,,,,"办公室, 机房, 电脑"
BattlegroundKit,UnrealEngine,https://pan.baidu.com/s/1GTmXSq31Pbva6QKbVaZCsA?pwd=2580,,,,,"废墟, 建筑群, 战地"
Cemetery Full Pack,UnrealEngine,https://pan.baidu.com/s/1Zvz0N65FPIxsQ0iLsfwG9w?pwd=2580,,,,,"坟墓, 墓地, 雕像"
Planet Surface Colony,UnrealEngine,https://pan.baidu.com/s/1tT-t7xY00o-Ap9g1_QvdqA?pwd=2580,,,,,"地球仪, 基地, 外星, 月球"
AbandonedPlace,UnrealEngine,https://pan.baidu.com/s/1UZoSAa-6zckbul6eyHm86w?pwd=2580,,,,,"地下室, 砖墙, 破损"
SD_Art,UnrealEngine,,,,,,"书房, 卧室, 复古"
Fafnir_Keep_Meshingun,UnrealEngine,https://pan.baidu.com/s/15DKbYsUxkmY9PYFGYU64yg?pwd=2580,,,,,"城堡, 宫殿, 幻想"
Secrets_Temple,UnrealEngine,https://pan.baidu.com/s/1-VYSUZSo0-GAmEbRwJO01A?pwd=2580,,,,,"教堂, 神庙, 遗迹"
Gothic Horror Environment,UnrealEngine,https://pan.baidu.com/s/1Di2tPt3d2mgplc3HlJiBIQ?pwd=2580,,,,,"哥特建筑, 教堂, 遗迹"
Retro_Office,UnrealEngine,https://pan.baidu.com/s/1TEwe2JJknYi0cKdmmtevFQ?pwd=2580,,,,,"书房, 办公室, 风扇"
Bunker,UnrealEngine,https://pan.baidu.com/s/11ADCQxIFXggc7Xd1c03YAg?pwd=2580,,,,,"仓库, 地下室"
GaragePack,UnrealEngine,https://pan.baidu.com/s/1GVPosrJZ2lZZ9mXDwuSuHg?pwd=2580,,,,,"工具房, 车间"
Stylized_Props_01,UnrealEngine,https://pan.baidu.com/s/1TSTeHTW2dI968QF5y1MdcQ?pwd=2580,,,,,"书房, 电脑, 键盘"
Infinity Blade：Grass Lands,UnrealEngine,https://pan.baidu.com/s/1oruhNu4RjTS9bQFTFucObg?pwd=2580,,,,,"哥特建筑, 废墟, 遗迹"
JunkYard,UnrealEngine,https://pan.baidu.com/s/1OGpN5_P2uPmsO-86S1PTBQ?pwd=2580,,,,,"废墟, 废弃车辆, 骷髅头"
Safe_House,UnrealEngine,https://pan.baidu.com/s/1sNMp_qBVSviUCUdSwgtFDQ?pwd=2580,,,,,"储物室, 车间"
FantasyInterior01,UnrealEngine,https://pan.baidu.com/s/1vByQOcSuwizfcT-d8w2Ckw?pwd=2580,,,,,"书房, 复古, 道具"
Post_Apoc_office,UnrealEngine,https://pan.baidu.com/s/1vtRyCQugHgvVk-VrIsF2fA?pwd=2580,,,,,"书房, 办公室, 库房"
TheSafeHouse,UnrealEngine,https://pan.baidu.com/s/1W7CZ6M0e5z-N_BUgdIjhDA?pwd=2580,,,,,"储物室, 车间"
Uscapitol,UnrealEngine,https://pan.baidu.com/s/1Wl_SkH8Z5qoKlJTnvEcf0A?pwd=2580,,,,,"城堡, 宫殿"
Quantum_Theory,UnrealEngine,https://pan.baidu.com/s/1N9YliBjr92jeaaxyZkKfxg?pwd=2580,,,,,"古罗马, 遗迹, 雕像"
Industrial Electrical Utility,UnrealEngine,https://pan.baidu.com/s/12jE8IGbGvlLIpEHNH8MnIQ?pwd=2580,,,,,"地下室, 管道, 线缆"
Workshop,UnrealEngine,https://pan.baidu.com/s/1238jSFyRnTRtKCyxJLufOw?pwd=2580,,,,,"工具房, 木匠, 车间"
HouseRuins,UnrealEngine,https://pan.baidu.com/s/1gR-RIwU0GUb9zyKfp1ptgw?pwd=2580,,,,,"废墟, 建筑群, 房屋"
Temple of Insight,UnrealEngine,https://pan.baidu.com/s/1GAXwffdATr7bcJ9d8yIjeQ?pwd=2580,,,,,"建筑群, 石雕, 神迹"
WOODEN_FORT,UnrealEngine,https://pan.baidu.com/s/1iapzsahHVAFfsnEaGcpOVw?pwd=2580,,,,,"哨塔, 盾牌, 营地"
Egypt Ruins Environment,UnrealEngine,https://pan.baidu.com/s/1z2fRGgsFtSuIFk26Jo8Ehw?pwd=2580,,,,,"古埃及, 沙漠, 遗迹"
NeptuneBath,UnrealEngine,https://pan.baidu.com/s/142EMA8Wf-V7w_hOCkam1fQ?pwd=2580,,,,,"古罗马, 建筑群, 雕像"
Tavern Basement,UnrealEngine,https://pan.baidu.com/s/1zEX1yAnmme3TJkzF5iq0EA?pwd=2580,,,,,"仓库, 地下室, 水果, 货物"
EternalTemple,UnrealEngine,https://pan.baidu.com/s/1Q5Fx3WtUR37g_otZ47tMwA?pwd=2580,,,,,"神庙, 遗迹"
ModularAncientRuins,UnrealEngine,https://pan.baidu.com/s/1yt5PxGR9cE0njvRPabwN_w?pwd=2580,,,,,"古罗马, 遗迹, 雕像"
Apartment,UnrealEngine,https://pan.baidu.com/s/1pp96GNHxEu1G7KrCS4wAsg?pwd=2580,,,,,"复古, 电脑桌"
EgyptCity_Meshingun,UnrealEngine,https://pan.baidu.com/s/1NCq44gXsjEBRgHJXZY_yPA?pwd=2580,,,,,"埃及, 宫殿, 雕像"
Stylized Lost Paradise,UnrealEngine,https://pan.baidu.com/s/1sAxbJtz1BWgSwf_-JChuTA?pwd=2580,,,,,"城堡, 宫殿, 热带"
Grandpa s Attic,UnrealEngine,https://pan.baidu.com/s/1TSSzOiJR7rdtNJGV16Vc8Q?pwd=2580,,,,,"书房, 书本, 卧室, 复古"
Volcanic_temple,UnrealEngine,https://pan.baidu.com/s/170F0fcbK68Pd7Pl4RvX-gg?pwd=2580,,,,,"古罗马, 遗迹, 雕像"
VictorianAlley,UnrealEngine,https://pan.baidu.com/s/1-BcviXctClS71Cx4buKbiw?pwd=2580,,,,,"废墟, 战争, 维多利亚"
Abandoned_shed,UnrealEngine,https://pan.baidu.com/s/1DO3AmZ8lIZvlo7JCYjj2wA?pwd=2580,,,,,"工具房, 车间, 道具"
WW2 Warzone Environment Megapack,UnrealEngine,https://pan.baidu.com/s/1znXchc-Udt4oYvzgetSynw?pwd=2580,,,,,"废墟, 建筑群, 模块化"
Temple of Sun,UnrealEngine,https://pan.baidu.com/s/1W-_O6xsswCmOZZRjOSj5hw,,,,,"埃及, 神庙, 遗迹"
BeachPack,UnrealEngine,https://pan.baidu.com/s/1VqrvLTjpltsE7eAQun9gWA?pwd=2580,,,,,"浴场, 游乐设施"
Modular Seaside Town,UnrealEngine,https://pan.baidu.com/s/1Db_xpK9-0kDd1eHnu8MJxw,,,,,"城堡, 建筑群"
Victorian Interior Environment,UnrealEngine,https://pan.baidu.com/s/1_gKLMSDdQcTq5D0kEq6nMA?pwd=2580,,,,,"书房, 卧室, 地球仪, 维多利亚"
BrutalistLevelscapes,UnrealEngine,https://pan.baidu.com/s/1qUZiDufvw__YQhIQH5sZhg?pwd=2580,,,,,"仓库, 地下室, 管道, 线缆"
AncientRuins,UnrealEngine,https://pan.baidu.com/s/1ULeihtr8--sVxXFMtTavlg?pwd=2580,,,,,"古罗马, 遗迹, 雕像"
DBK,UnrealEngine,https://pan.baidu.com/s/1Nvb3fqh-e7GOPN_SWs2MaA?pwd=2580,,,,,"废墟, 建筑群, 模块化"
Obsidium,UnrealEngine,https://pan.baidu.com/s/1kihqmzx9g4iMqUH6vOlpEw?pwd=2580,,,,,"哥特建筑, 教堂, 遗迹"
Gothic Mega Pack by Meshingun Studio,UnrealEngine,https://pan.baidu.com/s/1l_CFZYSS8B1aAXXSmp1i1g?pwd=2580,,,,,"哥特建筑, 废墟, 遗迹"
Ancient Scene,UnrealEngine,https://pan.baidu.com/s/11Akl2DJMC3NPDdmmnEJT3w?pwd=2580,,,,,"寺庙, 建筑群"
CoffeeShopA,UnrealEngine,https://pan.baidu.com/s/15lb6KD0Lp63y36soiuDUEA?pwd=2580,,,,,"咖啡厅, 废弃, 餐吧"
The Aftermath Environment Medieval Village ULAT,UnrealEngine,https://pan.baidu.com/s/1_qGvpIkYvvZ_qAWGRXz08w?pwd=2580,,,,,"武器, 茅草房"
Background Scapes,UnrealEngine,https://pan.baidu.com/s/1u2jmKpP395CmZS5ZzxZsiw,,,,,背景山脉
Photorealistic Landscape Pack 4,UnrealEngine,https://pan.baidu.com/s/1_YJOQrJtaJGWaUfxhoWLIA?pwd=2580,,,,,"杂草, 背景山脉"
ShoreCaves,UnrealEngine,https://pan.baidu.com/s/1Ct9EsCpJat_4e3fB0tqrRQ?pwd=2580,,,,,"山洞, 山石"
Racing Track Winter Landscape,UnrealEngine,https://pan.baidu.com/s/1jAlOt6yVqzyvva9V9RWveA?pwd=2580,,,,,"背景山脉, 道路, 雪山"
Swampy industrial zone,UnrealEngine,https://pan.baidu.com/s/1LFRgcbhjX_aP_kPXlioZAg?pwd=2580,,,,,"杂草, 沼泽, 道具"
Mediterranean Island Pack,UnrealEngine,https://pan.baidu.com/s/1IO1KNrFDEo2L85sUqWojSw?pwd=2580,,,,,"松树, 海岛"
Electric Dreams,UnrealEngine,https://www.unrealengine.com/marketplace/zh-CN/product/electric-dreams-env%20%20虚幻商城保管库下载,,,,,"PCG, 森林, 灌木, 热带植被"
European Hornbeam,UnrealEngine,https://www.fab.com/listings/c6f917b6-ffcb-4b86-9d9f-5274ba7f6a8e%20虚幻商城保管库下载,,,,,"植被, 灌木"
Demonic_Village,UnrealEngine,https://pan.baidu.com/s/14g-mMjfvGp70tsUPGRqIwg?pwd=2580,,,,,"建筑群, 茅草房"
Corals,UnrealEngine,https://pan.baidu.com/s/1vna_YlKssVeOb1wLBshMRw?pwd=2580,,,,,珊瑚
Amusement Park Environment Kit,UnrealEngine,https://pan.baidu.com/s/1G9ArvQd9T3Q06uxizdyStA?pwd=2580,,,,,"摩天轮, 旋转木马, 游乐场"
Future Slums Abandoned Post-Apocalyptic District,UnrealEngine,https://pan.baidu.com/s/1jO4eFqsBtW-MCgdSBhvmgQ?pwd=2580,,,,,"垃圾堆, 电桩, 贫民窑"
Broken and Burned Trees Pack,UnrealEngine,https://pan.baidu.com/s/1wE5NMYDgKcY3ysgfQUQzXQ?pwd=2580,,,,,"枯树, 树干"
Snowy Mountains Landscape,UnrealEngine,https://pan.baidu.com/s/1LhC-V-dj6Z4Y5xM8YMbGWg?pwd=2580,,,,,"背景山脉, 雪山"
Modular Target Practice Hangar,UnrealEngine,https://pan.baidu.com/s/1pzqYN0RkvPTSMkohGuGVqw?pwd=2580,,,,,"射击场, 沙包, 靶场"
Knight Rocks,UnrealEngine,https://pan.baidu.com/s/1N1MXFugEDWGRkjBfiq1eAg?pwd=2580,,,,,"山石, 沙漠"
MedievalCastle,UnrealEngine,https://pan.baidu.com/s/1t-tOtWX6dliekHQfQaWNTQ?pwd=2580,,,,,"建筑群, 村庄, 街道"
AbandonedBuilding,UnrealEngine,https://pan.baidu.com/s/113SEtRMPse1WoL-7Vul60A?pwd=2580,,,,,"废墟, 教室, 玻璃"
HotelCorridor,UnrealEngine,https://pan.baidu.com/s/1nZSDk3bLlCMNxA_VqZdJ-w?pwd=2580,,,,,"客房, 走廊, 酒店"
DarkForest,UnrealEngine,https://pan.baidu.com/s/1D1SQwSRtKFrlf2X3_GAKqA?pwd=2580,,,,,"枯树, 沼泽"
Minimarket_Vol_1,UnrealEngine,https://pan.baidu.com/s/1PkI4FyeObzV0z0poqqB3gg?pwd=2580,,,,,"商品, 推车, 超市"
Lava Desert Landscape,UnrealEngine,https://pan.baidu.com/s/1jjFVDAPNez4XJmTDo-0miA?pwd=2580,,,,,"火山, 熔浆, 高精度岩石"
Basketball_court,UnrealEngine,https://pan.baidu.com/s/169WtrruRlY1SE7AG1AMDdQ?pwd=2580,,,,,"板凳, 篮球场"
Gumroad - Rocks Bundle,UnrealEngine,https://pan.baidu.com/s/1rdrtkS-I17gAHEIukaPDoQ?pwd=2580,,,,,"雕刻, 高精度岩石"
Diner50,UnrealEngine,https://pan.baidu.com/s/1rXmagY9p8ntSJRUZPlpsZA?pwd=2580,,,,,"俱乐部, 餐厅"
DekogonGym,UnrealEngine,https://pan.baidu.com/s/1v9c7XNmwAubjAnzJHH7IFA?pwd=2580,,,,,"剧院, 室内篮球场"
Modular Cliffs,UnrealEngine,https://pan.baidu.com/s/1FdmkxpqfUGR_dzVd7JK78A?pwd=2580,,,,,"山石, 悬崖"
Zhang Jia Jie Mountain,UnrealEngine,https://pan.baidu.com/s/1XL1qcoOf7vZRzCabbzkAaQ?pwd=2580,,,,,"寺庙, 松树"
Background Island Vista,UnrealEngine,https://pan.baidu.com/s/1avbLmxE8XXfSFvN3fbatNQ?pwd=2580,,,,,背景山脉
AmusementPark,UnrealEngine,https://pan.baidu.com/s/1L6RV1v-aFtr9oiWDmKjTKw?pwd=2580,,,,,"摩天轮, 旋转木马, 游乐场, 游乐设施"
"3D-Scanned, Photo-Realistic Mauritius Asset Pack",UnrealEngine,https://pan.baidu.com/s/15C-pOgbZaqDXiZFtEcBwlA?pwd=2580,,,,,"椰子树, 海岛"
PLE - Procedural Landscape Ecosystem,UnrealEngine,https://pan.baidu.com/s/1M_hkTtedVY3nhABbNWQRDg?pwd=2580,,,,,"山地, 杂草, 野外"
PCG Biome: River Generator,UnrealEngine,https://pan.baidu.com/s/1ctOMtuahADS85odeEoUx9w?pwd=2580,,,,,"杂草, 沼泽, 湿地"
Ocean Environment Pack,UnrealEngine,https://pan.baidu.com/s/13GWPMn3PVOseL3CNM_gWfQ?pwd=2580,,,,,"海底, 珊瑚, 鱼群"
Singapore_Canal,UnrealEngine,https://pan.baidu.com/s/1l9g-MhejO0i-td-Dfm6s3A?pwd=2580,,,,,"建筑群, 运河, 雕像"
OldClassroom,UnrealEngine,https://pan.baidu.com/s/1OA0ut4hMoXTMG9pkeWw1UQ?pwd=2580,,,,,"教室, 课桌, 黑板"
Ruins,UnrealEngine,https://pan.baidu.com/s/1SAYDbHlr8rriiaTzO9a4Wg?pwd=2580,,,,,"废墟, 战争, 遗迹"
NanXun,UnrealEngine,https://pan.baidu.com/s/1ktbsfQKPU8ht88tyScSuDA?pwd=2580,,,,,"亭子, 长亭"
Ancient Cavern Set I,UnrealEngine,https://pan.baidu.com/s/1pEr1opcV3ZL9nPRENrfZdQ?pwd=2580,,,,,"外星岩石, 山洞, 山石"
Arctic Greenland Landscape,UnrealEngine,https://pan.baidu.com/s/11FnBNxWIq7YD81U0FZpezw?pwd=2580,,,,,"背景山脉, 雪山"
Chinese_mountain_ town,UnrealEngine,https://pan.baidu.com/s/1KKyZh4rk2SgX9TuSBZK5Dw?pwd=2580,,,,,"江南水乡, 灯笼, 瓦片房"
Laboratory,UnrealEngine,https://pan.baidu.com/s/1isOfcu0uzVEsoZaWW7DzRQ?pwd=2580,,,,,"医疗器材, 实验室"
Norway Maple,UnrealEngine,https://www.fab.com/listings/1f65d477-f44e-4ccb-95c1-788c99e33b56%20虚幻商城保管库下载,,,,,"杂草, 树木, 热带植被"
WarRoom,UnrealEngine,https://pan.baidu.com/s/1bKBr_Wl6g7ljR7Hwlfw1xA?pwd=2580,,,,,"幕府, 日式, 鬼面"
mountainTemple,UnrealEngine,https://pan.baidu.com/s/1a8sVmREwyIe7rQuzUKRyfQ?pwd=2580,,,,,"寺庙, 建筑群, 武器"
RestaurantCrimeScene,UnrealEngine,https://pan.baidu.com/s/1YaDmtVnEDLxYQCXL0ZETFg?pwd=2580,,,,,"桌椅, 犯罪现场, 餐厅"
Japanese Modular Folk House,UnrealEngine,https://pan.baidu.com/s/1Z7p7Myp7sbL3psCe7hL5Ew?pwd=2580,,,,,"古钟, 建筑群, 茅草房"
Undead Lands,UnrealEngine,https://pan.baidu.com/s/1i6J2CIeWQV6ciKBKTP5YHQ,,,,,"山石, 枯树"
European Beech,UnrealEngine,https://www.fab.com/listings/d11cc01d-9422-41b7-950f-416c9ce79caf%20虚幻商城保管库下载,,,,,"杂草, 树木, 热带植被"
BowlingAlley,UnrealEngine,https://pan.baidu.com/s/1x0SHpNtopJR_SKmUNbOY3A?pwd=2580,,,,,"保龄球场, 道具, 酒吧"
Corals 2,UnrealEngine,https://pan.baidu.com/s/1Q9ZQSzOShKRbKrlw2Ne6rg?pwd=2580,,,,,珊瑚
Shattered rocks,UnrealEngine,https://pan.baidu.com/s/1yVeIjYF8X4o6wDHGUA6y9w?pwd=2580,,,,,"山崖, 雕刻"
Asian_Modular_Temple,UnrealEngine,https://pan.baidu.com/s/1ltql8UmfvHar1v3UUY7rNA?pwd=2580,,,,,"宫殿, 寺庙"
The Pine Environment,UnrealEngine,https://pan.baidu.com/s/1we1gSpIagHHWB_fAXnYxlw?pwd=2580,,,,,"松树, 树林"
Evermotion Archmodels for UE Vol 4,UnrealEngine,https://pan.baidu.com/s/1cY6b8ZMa0PWAbHtd68AF-g?pwd=2580,,,,,"杂草, 树木, 沼泽, 热带植被"
Trees Realistic Forest Plants Pack,UnrealEngine,https://pan.baidu.com/s/1YW8d-qd-rIVKbF5O8Ambdg,,,,,"山石, 杂草, 树木, 热带植被"
Japanese Modular Temple,UnrealEngine,https://pan.baidu.com/s/1xRpW6UU2QNsMUjAPHAo8qg?pwd=2580,,,,,"寺庙, 建筑群"
Ocean Floor Environment,UnrealEngine,https://pan.baidu.com/s/17_9kChs2D78wZ0-wvl046Q?pwd=2580,,,,,"海底, 珊瑚, 鱼群"
Landfill,UnrealEngine,https://pan.baidu.com/s/1asMOfhTpqtbEYfahWoXjWw?pwd=2580,,,,,"垃圾堆, 废弃物, 道具"
Medieval_Village,UnrealEngine,https://pan.baidu.com/s/1IrJTM3oj6m1kHLUWS0AilQ?pwd=2580,,,,,"巷子, 茅草房, 街道"
Underground_Car_Park,UnrealEngine,https://pan.baidu.com/s/12KZDqfeKwB8I9-czNS5Neg,,,,,"停车场, 建筑群, 道具"
RealBiomes Desert Cliffs,UnrealEngine,https://pan.baidu.com/s/1FHx9RI1Zb18dnWyp7aRfdg?pwd=2580,,,,,"山石, 沙漠"
MMSupermarket,UnrealEngine,https://pan.baidu.com/s/12j2XVj432zricUfGlvXk3w,,,,,"商品, 货物, 超市, 零食"
Slums,UnrealEngine,https://pan.baidu.com/s/1QUNNtI3v7D4QRWfIY4OTbQ?pwd=2580,,,,,"垃圾堆, 水泥路, 贫民窟"
Sharur's Ultimate Rocks,UnrealEngine,https://pan.baidu.com/s/12IMHrkk46l6BGmvygl6aPw?pwd=2580,,,,,"山石, 雕刻"
CyberPunkLab,UnrealEngine,https://pan.baidu.com/s/1d141BQSKk4W_Otfooy5FTA?pwd=2580,,,,,"实验室, 管道线缆, 胶布"
Nanite Reed Vol.1,UnrealEngine,https://pan.baidu.com/s/1mPvRbAoczdwfJuOMJ5MJ_Q?pwd=2580,,,,,"枯叶, 沼泽, 芦苇"
Scene_Junkyard,UnrealEngine,https://pan.baidu.com/s/111K6Rp7UMBfaNF8Ct0_8zQ?pwd=2580,,,,,"垃圾, 废弃物, 轮胎"
Parking Garage,UnrealEngine,https://pan.baidu.com/s/10umPnYtSs5xksBryeorFKA?pwd=2580,,,,,"停车场, 建筑群, 车辆"
Witch Village Environment,UnrealEngine,https://pan.baidu.com/s/1TspooGxt5W1KsvuNTDU6rw,,,,,"木板房, 破损"
Ice Pillars,UnrealEngine,https://pan.baidu.com/s/1E_QGNCP7FT3lJ2wsFFuKqA?pwd=2580,,,,,"冰晶石, 石英, 钟乳石"
DekoClass,UnrealEngine,https://pan.baidu.com/s/1yaVRiUIa06qyy4PK2bKJ8w?pwd=2580,,,,,"实验室, 教室, 黑板"
Abandoned airport,UnrealEngine,https://pan.baidu.com/s/16TqQLBfUg2fitZF3ZPesMA?pwd=2580,,,,,"候车室, 帐篷, 行李箱"
Flowers and Plants Nature Part 1,UnrealEngine,https://pan.baidu.com/s/1kUxgr-h9y24l2FPhJP0Wng?pwd=2580,,,,,"灌木, 花草"
Medieval Town Street Environment Kit,UnrealEngine,https://pan.baidu.com/s/1pnUpqyZlXvFF2lweNO0Nww?pwd=2580,,,,,"建筑群, 街道, 道具"
Realistic Looking Cliff and Rock Pack,UnrealEngine,https://pan.baidu.com/s/1NLELOzZTF86iimDa2ytREg?pwd=2580,,,,,"山洞, 山石"
Cave Stalactite and Stalagmite Rock Pack,UnrealEngine,https://pan.baidu.com/s/1oXB5oK9ilIyuWlcbQjmX8Q?pwd=2580,,,,,"山洞, 钟乳石"
American Style Diner,UnrealEngine,https://pan.baidu.com/s/1DDEUuog0oh_GO0CNHuZNBw?pwd=2580,,,,,"吧台, 碗筷, 餐厅"
Deep Elder Caves,UnrealEngine,https://pan.baidu.com/s/1B9zQsI6zt4JLE2gZnhfcJA?pwd=2580,,,,,"山洞, 树根, 洞穴, 蘑菇"
European Black Alder,UnrealEngine,https://www.fab.com/listings/9de7ce19-5813-42d2-a5f0-5e6447006f72%20虚幻商城保管库下载,,,,,"树木, 高精度岩石"
Nature Package,UnrealEngine,https://pan.baidu.com/s/1cFmoU33__RwbFndGgidpRg?pwd=2580,,,,,"杂草, 树木, 沼泽, 热带植被"
Cyberpunk Abandoned Restaurant Space Bar,UnrealEngine,https://pan.baidu.com/s/12xc7aaRje4ytRdaYI00nvw?pwd=2580,,,,,"道具, 餐厅"
Background Mountains,UnrealEngine,https://pan.baidu.com/s/1psXuM8zRJdjENbhoI05org?pwd=2580,,,,,背景山脉
Underwater Blueprint V3,UnrealEngine,https://pan.baidu.com/s/1Ikyazb-ZdhLqczD-WJzChA?pwd=2580,,,,,"乌龟, 海底, 珊瑚, 鱼群"
MW Shrubs & Bushes Biome,UnrealEngine,https://pan.baidu.com/s/1fo5uTvJdkWTBVxxapcYLzA?pwd=2580,,,,,"杂草, 灌木"
Brushify SmartBrush System,UnrealEngine,https://pan.baidu.com/s/19MrS_l9H8fv2SX5T3NQRpw?pwd=2580,,,,,"地形笔刷, 山体侵蚀"
SciFi Living Room,UnrealEngine,https://pan.baidu.com/s/1GYA8hLZflMaVQP_GHTSFWA?pwd=2580,,,,,"卧室, 未来环境, 赛博朋克"
MW Broadleaf Forest Trees Biome,UnrealEngine,https://pan.baidu.com/s/13yYQe7dRLtH5isAUhUMT2w?pwd=2580,,,,,"包边石, 树木"
BrushifyMountainsPack,UnrealEngine,https://pan.baidu.com/s/1ZK-f__dJ3i3zb616aDX7Ug?pwd=2580,,,,,"山石, 雪山"
Brushify - Forest Pack,UnrealEngine,https://pan.baidu.com/s/1C0waE0bLqAFxwmoUHFkVrw?pwd=2580,https://pan.baidu.com/s/1C0waE0bLqAFxwmoUHFkVrw?pwd=2580,,,,"森林, 草原, 远山"
Brushify - Cliffs Pack,UnrealEngine,https://pan.baidu.com/s/178lsl4mdj5Y9KN-mlHNaKQ?pwd=2580,,,,,"山石, 平原"
Archinteriors Vol 6 Scene 1,UnrealEngine,https://pan.baidu.com/s/1mMRuGnAq-5hnuiSXNCFK-g?pwd=2580,,,,,"别墅阁楼, 卧室, 家居"
MW Meadow Wetlands Landscape,UnrealEngine,https://pan.baidu.com/s/1H3L2ByIIBRMnCHJnaDGsRw?pwd=2580,,,,,"山地, 平原, 杂草, 沼泽"
SCANS Ancient Temple Ruins - Mountains Environment,UnrealEngine,https://pan.baidu.com/s/1EaSCfkIQH9elrsNKR8efKw?pwd=2580,,,,,"山洞, 遗迹, 雕像"
Brushify-Medieval Buildings Pack,UnrealEngine,https://pan.baidu.com/s/193E2ixY1rSxl_a6j1g8K3Q?pwd=2580,,,,,"城堡, 建筑群"
Brushify SciFi Buildings Pack,UnrealEngine,https://pan.baidu.com/s/1b3DUr_80FvbbKH-ujErwPg,,,,,"城市, 建筑群"
Scifi Alien Fantasy Forest,UnrealEngine,https://pan.baidu.com/s/1Wthh2m2bcdeTTKnVvLIEmw?pwd=2580,,,,,"发光植物, 外星植物"
MW Birch Forest Trees Biom,UnrealEngine,https://pan.baidu.com/s/1HB2Haw6ZatdgQHMUJWTczQ?pwd=2580,,,,,"杂草, 森林, 野外"
Sci-Fi Bar Asset Pack,UnrealEngine,https://pan.baidu.com/s/1yjSYeE7arj-8ZAT-4wgSEQ?pwd=2580,,,,,"酒吧, 餐厅"
Sci-Fi Environment I,UnrealEngine,https://pan.baidu.com/s/1q-lXiFlfpSsfmtBYG9JE9g?pwd=2580,,,,,"太空仓, 管道"
Sci-fi Laboratory Environment,UnrealEngine,https://pan.baidu.com/s/14sehtBjPRpQBNF9AQTGYuQ?pwd=2580,,,,,"实验室, 管道, 胶布"
MW Landscape Auto Material,UnrealEngine,https://pan.baidu.com/s/1A-dlAMBmIR02QMjznOA7VA?pwd=2580,,,,,"地形材质, 平原, 沙漠, 雪山"
Scifi Jungle Biome,UnrealEngine,https://pan.baidu.com/s/16dfyPiX00R5KOIjwDwB-WA?pwd=2580,,,,,"外星植物, 山石"
SciFi Hallways,UnrealEngine,https://pan.baidu.com/s/1Pr8-D8AmlxH1OYowm7jR7Q?pwd=2580,,,,,太空舱
Brushify Tropical Pack,UnrealEngine,https://pan.baidu.com/s/1q-8aouUvpElRsfvCcFOKhA?pwd=2580,https://pan.baidu.com/s/1q-8aouUvpElRsfvCcFOKhA?pwd=2580,,,,"椰子树, 海滩"
SCANS Ruined Crypt,UnrealEngine,,,,,,"古罗马, 砖墙"
MW Conifer Forest Trees Biome,UnrealEngine,https://pan.baidu.com/s/1oiYfh2JdNFICA90Tg_hVvw?pwd=2580,,,,,"包边石, 松树, 树木"
Scifi Desert Biome,UnrealEngine,https://pan.baidu.com/s/1QQE8F5OqdbZu2FEXc208Vw?pwd=2580,,,,,"外星植物, 奇异植物, 山石"
SCANS Abandoned Manor - Ruins in the Dark Wood,UnrealEngine,https://pan.baidu.com/s/1GTMCVtdc66ZJa8miRod2sg?pwd=2580,,,,,"废弃, 砖墙"
Brushify - Grasslands Pack,UnrealEngine,https://pan.baidu.com/s/1L8JYHokw6m2zw2tWH0y6mg,,,,,"背景山脉, 草原"
SCANS Urban Abandoned District,UnrealEngine,https://pan.baidu.com/s/1G5FpKqxTFBl7SuMT34DgzQ?pwd=2580,,,,,"废弃, 村庄, 电线杆, 砖墙"
SCANS Medieval Fantasy Ruins Dark Forest Environment,UnrealEngine,https://pan.baidu.com/s/1bMQZw5bOYS9fQ2j8qxsgpw?pwd=2580,,,,,"古罗马, 废弃"
Brushify_VolcanoPack,UnrealEngine,https://pan.baidu.com/s/1WIF1EpVpwulgLm_rZs8F9g?pwd=2580,,,,,"岩浆, 火山"
Brushify - Beach Pack,UnrealEngine,https://pan.baidu.com/s/1LDR33Ouw5XDDhliFCZgbRQ?pwd=2580,https://pan.baidu.com/s/1LDR33Ouw5XDDhliFCZgbRQ?pwd=2580,,,,"海滩, 礁石"
SCANS Urban Props Vol. 1,UnrealEngine,https://pan.baidu.com/s/1v2gtcmLGYlVTyO-G81RIGw?pwd=2580,,,,,"扫描模型, 道具"
SCANS Construction Site Loader,UnrealEngine,https://pan.baidu.com/s/1SO5OP7XNLfnVMP0w4RVncQ?pwd=2580,,,,,"垃圾, 废弃工地"
Brushify Moorlands Pack,UnrealEngine,https://pan.baidu.com/s/1A7DCcxS9yZqwN0mqXTbKtQ?pwd=2580,,,,,"草地, 野外"
Scifi Season 2 Starter Bundle,UnrealEngine,https://pan.baidu.com/s/1QUfVk6yjeUTQrq_4WKJGdw?pwd=2580,,,,,"太空舱, 管道线缆"
SciFi Factory,UnrealEngine,https://pan.baidu.com/s/14z6UFEwB-Qam9RMHA6g-xg?pwd=2580,,,,,"工厂, 车间"
Brushify_CanyonsPack,UnrealEngine,https://pan.baidu.com/s/1mDm-ofKZl_vpB7iKERpcmg?pwd=2580,,,,,"山石, 峡谷"
Brushify Mars Pack,UnrealEngine,https://pan.baidu.com/s/1Od_tJ26XPVRFFhPbNeG5Iw?pwd=2580,,,,,"外星球, 火星"
MW Meadow Forest Trees Biome,UnrealEngine,https://pan.baidu.com/s/1hauaBlzPt2GBN-mWS0Idhg?pwd=2580,,,,,"树林, 植被, 湖泊"
Sci-Fi Interior II,UnrealEngine,https://pan.baidu.com/s/1UiOXHJKapQV9EbyCxdRMxw?pwd=2580,,,,,"太空仓, 管道"
Brushify Dunes Pack,UnrealEngine,https://pan.baidu.com/s/1d7B-OsLbtGTzQKnEDFbQlQ?pwd=2580,,,,,"沙丘, 沙漠"
Brushify Environment Shaders Pack,UnrealEngine,https://pan.baidu.com/s/164SQ9doiux0d3djNueMkWA?pwd=2580,https://pan.baidu.com/s/164SQ9doiux0d3djNueMkWA?pwd=2580,,,,"地形材质, 沙漠, 草原, 雪山"
Sci Fi Cargo Hub,UnrealEngine,https://pan.baidu.com/s/1qo19z4DtA2bB6S21lBYhDA?pwd=2580,,,,,"工厂, 显示器, 管道线缆"
Brushify -Floating Islands,UnrealEngine,https://pan.baidu.com/s/1fhSmCH92sd_Q931PRhNqyQ?pwd=2580,,,,,"山石, 浮空岛"
Sci-Fi Interior Pack,UnrealEngine,https://pan.baidu.com/s/1fUsBlK40iqcgGy_OZAa5dg,,,,,"灯管, 铁板"
Brushify - Country Roads Pack,UnrealEngine,https://pan.baidu.com/s/16HKGvTbDQg0uWdk3Pj2Pvg?pwd=2580,,,,,"山体侵蚀, 道路"
Archinteriors Vol 8 Scene 1-5,UnrealEngine,https://pan.baidu.com/s/1cU7rSCjBDVKCCMPdWbm-Rg?pwd=2580,,,,,"别墅阁楼, 卧室, 家居"
MW Dune Desert Biome,UnrealEngine,https://pan.baidu.com/s/14gGOcV9DBgr6mXJtUfFiLw?pwd=2580,https://pan.baidu.com/s/14gGOcV9DBgr6mXJtUfFiLw?pwd=2580,,,,"椰子树, 沙漠"
Sci-Fi Facility,UnrealEngine,https://pan.baidu.com/s/12i6-e_mxTar51bhAZE5mHA?pwd=2580,,,,,"外星, 太空舱"
Archinteriors Vol 1 Scene 6,UnrealEngine,https://pan.baidu.com/s/1xrn3w3Uyj-KM_mLIkGJQ8g?pwd=2580,,,,,"卧室, 家居"
SCANS Temples of Cambodia,UnrealEngine,https://pan.baidu.com/s/141hxTCOYRjTaUOIOa5bxpw?pwd=2580,,,,,"废弃, 石雕, 雕像"
MW Redwood Forest Trees Biome,UnrealEngine,https://pan.baidu.com/s/1uXV6hvx7t59taTP1ZHfw1Q?pwd=2580,,,,,"包边石, 巨树, 红木森林"
Sci-Fi City Hub Kit,UnrealEngine,https://pan.baidu.com/s/1uieKJNn0NdF00O6xzPfIhA?pwd=2580,,,,,"室内装饰, 管道"
SciFi Season 1 Starter Bundle,UnrealEngine,https://pan.baidu.com/s/19oulm-077H7F2iv_w8GGXw,,,,,太空舱
Archinteriors Vol 9 Scene 5,UnrealEngine,https://pan.baidu.com/s/1aRL9TISUFwtcp2IiwTPNkg?pwd=2580,,,,,"卧室, 家居"
Brushify - Moon Pack,UnrealEngine,https://pan.baidu.com/s/1jGQR8hORIltnR5sDp17s7w?pwd=2580,,,,,"地球仪, 外星球, 月球"
Sci-Fi Interior Environment,UnrealEngine,https://pan.baidu.com/s/1iAFa88naam6QwfOxeMT8Ag?pwd=2580,,,,,"工厂, 零件"
Brushify - Desert Mountains,UnrealEngine,https://pan.baidu.com/s/1r8wcgt0M16MVUcSDNxEzDA?pwd=2580,,,,,"地形材质, 沙漠"
SCANS Cemetery Forgotten Churchyard,UnrealEngine,https://pan.baidu.com/s/1Jir5UzfkS-O8iTqCaP4Hmw,,,,,"哥特建筑, 废弃, 雕像"
Archinteriors Collection(1-6),UnrealEngine,https://pan.baidu.com/s/1ixCtgJD-84C1twIt6GWbVA?pwd=2580,,,,,"室内, 家居"
SCANS Urban Props Vol. 2,UnrealEngine,https://pan.baidu.com/s/139FJeJCGfe7OC7WYihgUug?pwd=2580,,,,,"扫描模型, 道具"
Brushify - Underworld,UnrealEngine,https://pan.baidu.com/s/1fCUQKDqk-6NaKMz13Hmotg?pwd=2580,,,,,"山石, 岩浆"
Archinteriors Vol 1 Scene 5,UnrealEngine,https://pan.baidu.com/s/1aNu2ypkEchiMaufsACBjiw?pwd=2580,,,,,"卧室, 家居"
Brushify - Urban Buildings Pack,UnrealEngine,https://pan.baidu.com/s/1DrwhmnY_0g-Zw9UQCRtGfw?pwd=2580,https://pan.baidu.com/s/1DrwhmnY_0g-Zw9UQCRtGfw?pwd=2580,,,,"城市, 建筑"
SCANS Warehouse Abandoned Factory District,UnrealEngine,https://pan.baidu.com/s/1bsAYWHbs-MTnfBO5oFNr0A?pwd=2580,,,,,"废弃工厂, 砖墙, 管道"
MW Tropical Rainforest Trees Biome,UnrealEngine,https://pan.baidu.com/s/1a5EjnWTCYZAU9TdkPIYlrQ?pwd=2580,,,,,"山石, 森林, 植被"
SCANS Gate Backyard,UnrealEngine,https://pan.baidu.com/s/1Wlg_HIkhvme03zl59DI5EA?pwd=2580,,,,,"废弃, 砖墙, 院子"
Brushify Natural Roads Pack,UnrealEngine,https://pan.baidu.com/s/19zPUFSWIP7DdYkBfMwojfw?pwd=2580,https://pan.baidu.com/s/19zPUFSWIP7DdYkBfMwojfw?pwd=2580,,,,"杂草, 道路"
MW Burned Dead Trees Forest Biome,UnrealEngine,https://pan.baidu.com/s/1tBzsqO189YOptlw6MCNKBA?pwd=2580,,,,,"枯树, 死树, 燃烧"
SCANS Lost Temple Cave,UnrealEngine,https://pan.baidu.com/s/1yyaVcAGU9ckGpaWTStNpSA?pwd=2580,,,,,"山洞, 山石, 岩壁, 雕像"
Brushify - Arctic Pack,UnrealEngine,https://pan.baidu.com/s/1ixK0IB1re-TTlYWzbKu45Q,https://pan.baidu.com/s/1ixK0IB1re-TTlYWzbKu45Q,,,,"冰山, 雪山"
SCANS Industrial Abandoned Buildings - Modular Environment,UnrealEngine,https://pan.baidu.com/s/1Xeo4cDjeHyHtTDSN021soA?pwd=2580,,,,,"工厂, 废弃, 砖墙"
Stylized Environment Series - Forest Package 2,UnrealEngine,https://pan.baidu.com/s/19fGHbdIJ3oLIH2MLkQAcrQ?pwd=2580,,,,,"小路, 松树, 森林"
SCANS Rome - Italian Town,UnrealEngine,https://pan.baidu.com/s/1KmGJH81lKfYy0sgLXnwK8A?pwd=2580,,,,,"古罗马, 城市, 巷子"
MW Dead Spruce Forest Trees Biome,UnrealEngine,https://pan.baidu.com/s/1hctxO8H1A2V-D9vttp0Udg?pwd=2580,,,,,"杂草, 松树, 枯树"
MW Landscape Material,UnrealEngine,https://pan.baidu.com/s/1GiyyqhNNMkklDkA2PfgLew?pwd=2580,,,,,"地形材质, 平原, 沙漠, 雪地"
SCANS Abandoned Factory Buildings - Day Night Scene,UnrealEngine,https://pan.baidu.com/s/1TqDrWSfUNpCyRwVOw0RWuQ?pwd=2580,,,,,"工厂, 废弃, 砖墙"
Stylized Fantasy Provencal,UnrealEngine,https://pan.baidu.com/s/1mfIrZh30HT-geTQCdwkJVg?pwd=2580,,,,,"建筑, 村庄, 风格化, 风车"
Stylized Pirate Port City (Modular),UnrealEngine,https://pan.baidu.com/s/1WP9e1S2yYTRsmu-YumEaVQ?pwd=2580,,,,,"村庄, 码头, 船, 货物"
Stylized Environment Series Forest Package,UnrealEngine,https://pan.baidu.com/s/1DZ_sAqRLViWuti1qIUOLDg?pwd=2580,,,,,"松树, 森林, 植被, 石头"
Hyperreal Japanese Adventure,UnrealEngine,https://pan.baidu.com/s/1woTeFXEe97LEui-NYgvu4g?pwd=2580,,,,,"寺庙, 山地, 峡谷, 樱花树"
Stylescape Stylized Environment Kit,UnrealEngine,https://pan.baidu.com/s/1oZQaPSgDS4477LQj6NnLCw?pwd=2580,,,,,"山地, 树木, 森林, 河流, 自然"
Stylized Ruined Village,UnrealEngine,https://pan.baidu.com/s/1GdQcji5KvE1ONuIySScTeA?pwd=2580,,,,,"村庄, 砖块, 风车"
Stylized Asian Village,UnrealEngine,https://pan.baidu.com/s/1NzK00yHZx0ZW_OPIORPxkA,,,,,"寺庙国风, 街道"
Style Plant,UnrealEngine,https://pan.baidu.com/s/1doRLzKWriAvE8oSohhplwQ?pwd=2580,,,,,"宫崎骏, 花草"
Stylized Medieval Village,UnrealEngine,https://pan.baidu.com/s/1T0XfQHVujl06A3LEwiCHow?pwd=2580,,,,,"中式村庄, 城镇, 街道"
Cartoon House,UnrealEngine,https://pan.baidu.com/s/1_j5qYwkfO9R0uvn0tjnSaA?pwd=2580,,,,,"客厅, 室内, 家居, 餐厅"
Stylized Swamp Forest,UnrealEngine,https://pan.baidu.com/s/15vzXwbAAxR0-CGlJmeTDGQ?pwd=2580,,,,,"森林, 沼泽"
Low Poly Ships,UnrealEngine,https://pan.baidu.com/s/1MmybH20qjWaSSMM9YTt5uA?pwd=2580,,,,,船
Dreamscape Nature Mountains,UnrealEngine,https://pan.baidu.com/s/1tDXYBoSTWvYnBF_Iu0IxkA?pwd=2580,,,,,"山地, 自然, 遗迹"
Desert Environment,UnrealEngine,https://pan.baidu.com/s/1_JGdv2JE86BkG5OlNSXSSw?pwd=2580,,,,,"沙漠, 荒凉, 野外"
Modular School Pack,UnrealEngine,https://pan.baidu.com/s/1-6yV7YUrNP1fej_YA1lkPQ?pwd=2580,,,,,"学校, 教室, 走廊"
Middle Eastern Village,UnrealEngine,https://pan.baidu.com/s/1EqxY8lQEYVWX2eFRA7HLwA?pwd=2580,,,,,"中东, 村庄, 沙漠"
Stylized Egypt,UnrealEngine,https://pan.baidu.com/s/1wpM4x1dVc9u8q7HjsVd_MQ?pwd=2580,,,,,"城堡, 拜占庭建筑风格, 沙漠"
Dreamscape Nature Tower,UnrealEngine,https://pan.baidu.com/s/1M4fOGJFglrey2vTPK6Mlkg?pwd=2580,,,,,"城堡, 欧式, 自然, 遗迹"
Crimson Desert Landscape,UnrealEngine,https://pan.baidu.com/s/1dvloXlwAevSJuweyRG2kzQ?pwd=2580,,,,,"仙人掌, 沙漠"
Stylized Village,UnrealEngine,https://pan.baidu.com/s/15pIe47A8MddiBjsgzL70Sw?pwd=2580,,,,,"村落, 森林, 雪天"
Grass-Tutorial,UnrealEngine,https://pan.baidu.com/s/1pfeAbHZqfaZvHTgKHVQR3g?pwd=2580,,,,,"大树, 植被, 灌木, 粉花, 薰衣草"
Cartoon anime Japanese school,UnrealEngine,https://pan.baidu.com/s/1GOQKy53O_lENGdeHV-0WkQ?pwd=2580,,,,,"学校, 教室, 课桌"
POLYGON Fantasy Kingdom,UnrealEngine,https://pan.baidu.com/s/1w00ZIYmn_u3KOng4sCLOpA?pwd=2580,,,,,"城堡, 室内, 街道"
Destruction Decal BP,UnrealEngine,https://pan.baidu.com/s/1oS0WQ1bhpw7QOxgpIxcP8A?pwd=2580,,,,,"坑洞, 破损, 破碎"
Simple Shop Interiors,UnrealEngine,https://pan.baidu.com/s/1n4JsO05P453CMPdIsxdETw?pwd=2580,,,,,"服装, 超市, 食品"
Stylized City Environment: Manila,UnrealEngine,https://pan.baidu.com/s/1lUXzcrWWpkzyLij2NYQNEw?pwd=2580,,,,,"城市, 椰子树, 街道"
Customizable Puddles,UnrealEngine,https://pan.baidu.com/s/1JpsrzUpiy5drSRmEwwwrOA?pwd=2580,,,,,"水坑, 水渍"
Lowpoly Style Desert Pack,UnrealEngine,https://pan.baidu.com/s/1R-W1y4txmutRTKSF9cnCWA,,,,,"山石, 沙漠"
Kitbash3d_Shogun.Unreal.4k,UnrealEngine,https://pan.baidu.com/s/1vCUV60rspaMJHmrEBZK5qA?pwd=2580,,,,,"古风, 村庄, 集市"
KitBash3D – Aftermath,UnrealEngine,https://pan.baidu.com/s/1faTBn8d_2XV-2q2WtTSn8g,,,,,"建筑, 楼房, 破损"
Volumetric Glass,UnrealEngine,https://pan.baidu.com/s/1gS6UJkov1WL1BZ8RfpQUgg?pwd=2580,,,,,"体积云, 水, 深度, 玻璃"
Medieval,UnrealEngine,https://pan.baidu.com/s/1OSHVjllt5NacmKM1x2FiDA?pwd=2580,,,,,"建筑, 战士, 旗帜, 铠甲"
POLYGON - Gang Warfare Pack,UnrealEngine,https://pan.baidu.com/s/1OYFSkkbSXRjlbA5u2UjFzQ?pwd=2580,,,,,"仓库, 战地, 武器"
Tokyo Back Alleys,UnrealEngine,https://pan.baidu.com/s/15WJB-P4dM8il7vjfEIdZWA?pwd=2580#list/path=%2F,,,场景素材,,"城市, 室外, 巷子, 招牌, 日式, 电线杆, 自行车, 行人, 街道, 雨伞, 雨夜, 霓虹"
POLYGON Nature Biomes Season One,UnrealEngine,https://pan.baidu.com/s/1xtt5kmB1zzNIGfBwW0FJAQ?pwd=2580,,,,,"山石, 森林, 植被, 海底"
POLYGON - Horror Mansion,UnrealEngine,https://pan.baidu.com/s/1ZOzslgLrLDVzUjDdiTgShA?pwd=2580,,,,,"室内, 庄园, 恐怖"
POLYGON Prototype Pack,UnrealEngine,https://pan.baidu.com/s/11WU21sqv-mHeeVCkcHly1w?pwd=2580,,,,,"游乐园, 迷宫"
POLYGON - Military Pack,UnrealEngine,https://pan.baidu.com/s/1yvDtQ4l5a6v4u2myDGxVxg?pwd=2580,,,,,"军事基地, 建筑, 战场, 沙漠"
Assetsville Nature Pack - 4 Seasons,UnrealEngine,,,,,,"春天, 秋天, 雪天"
POLYGON - Kids Pack,UnrealEngine,https://pan.baidu.com/s/140P3Gpa98lGbk4aHHMVT9A?pwd=2580,,,,,"游乐园, 游乐设施"
POLYGON - Horse Pack,UnrealEngine,https://pan.baidu.com/s/1-4-nz9jHB83YSJzgGPVnkA?pwd=2580,,,,,马匹
Terrain Materials VOL.3,UnrealEngine,https://pan.baidu.com/s/1Tq-AtidkIrmW65px46Tw5A?pwd=2580,,,,,"卡通, 风格化"
POLYGON - Shops Pack,UnrealEngine,https://pan.baidu.com/s/12cgBoAfmoQKT2Qn0lSOarw?pwd=2580,,,,,"商店, 游戏厅"
SubUV Damaged Decal Pack,UnrealEngine,https://pan.baidu.com/s/1myIzh1Mglupu1cKlTvN7Bg?pwd=2580,,,,,"破损, 裂缝, 青苔"
Terrain Materials VOL 2,UnrealEngine,https://pan.baidu.com/s/1RXwCxGjdVqNSBKx12Ht8PA?pwd=2580,,,,,"卡通, 风格化"
Cyberpunk Interior Environment Kitbash,UnrealEngine,https://pan.baidu.com/s/13wFEsiWbgxEenbabUfFJNA,,,,,"沙发, 浴室, 管道线缆"
Assetsville Motorcycles,UnrealEngine,https://pan.baidu.com/s/15_aj_zuUt5YUywL_yt2pcg?pwd=2580,,,,,"展览台, 摩托, 销售场地"
Simple Town,UnrealEngine,https://pan.baidu.com/s/1dzU5RM7WF2OwSuHmzVcLbQ?pwd=2580,,,,,"交通工具, 城镇"
Simple House Interiors,UnrealEngine,https://pan.baidu.com/s/1s_q_gFD9Q4Xfe-jqZRE6rw?pwd=2580,,,,,"墙壁, 室内装饰"
Basic Light Function Pack,UnrealEngine,https://pan.baidu.com/s/1mc_-asKE2DRtPJDoq_EYQA?pwd=2580,,,,,"灯光投影, 遮罩"
POLYGON Knights Pack,UnrealEngine,https://pan.baidu.com/s/1AiVHaxke0LsMQsqMDOijCw?pwd=2580,,,,,"战士, 盾牌, 骑士"
POLYGON MINI - Fantasy Pack,UnrealEngine,https://pan.baidu.com/s/16v6OOqMNZr8sJvXfp2oHPw,,,,,"NPC, 角色"
Industrial Zone,UnrealEngine,https://pan.baidu.com/s/1yHXP2Ed2da16Ew5O66vEsQ?pwd=2580,,,,,"废弃工地, 建筑"
Simple Apocalypse Interiors,UnrealEngine,https://pan.baidu.com/s/11E3cs2dee3wiDYg6onF8VA,,,,,"启示录, 室内, 破损"
POLYGON - Explorer Kit,UnrealEngine,https://pan.baidu.com/s/1MSEuhlawPzy-KmBHrFIVkA?pwd=2580,,,,,"探索, 求生, 牛仔"
Jiffycrew Post Process Line,UnrealEngine,https://pan.baidu.com/s/1wcOq6EcxDC8HEgZRMpKKkA?pwd=2580,,,,,"卡通, 描边材质, 线框"
POLYGON Western Pack,UnrealEngine,https://pan.baidu.com/s/1szOQhci-Ha6vNV5MP55P7g?pwd=2580,,,,,"山石, 沙漠, 西部牛仔"
Medieval Low Poly Armory Pack,UnrealEngine,https://pan.baidu.com/s/19mt9lbQOI4ZCx3xw1sdDBQ?pwd=2580,,,,,"仓库, 库房, 武器"
Simple Military,UnrealEngine,https://pan.baidu.com/s/1R988iAekesZgO4n0cFOEoQ?pwd=2580,,,,,"军事基地, 基地, 营地"
Kitbash3d_Warfare.Unreal.4k,UnrealEngine,https://pan.baidu.com/s/1yP0hdwE35wiLvQ5I9B8_Zg?pwd=2580,,,,,"军事基地, 战争"
POLYGON Enchanted Forest Nature Biomes,UnrealEngine,https://pan.baidu.com/s/1iJITEBu0j52CSR2pZIqJoA?pwd=2580,,,,,"发光植物, 奇幻森林"
Apocalypse,UnrealEngine,https://pan.baidu.com/s/1AMMVO_vMjUp-CTQIMdK2Ew?pwd=2580,,,,,"车辆, 防护服"
Magic Map Material & Maker (M4),UnrealEngine,https://pan.baidu.com/s/1Ilo0RHbzNfPYcUkrbDCh7Q?pwd=2580,https://pan.baidu.com/s/1Ilo0RHbzNfPYcUkrbDCh7Q?pwd=2580,,,,"M4, 地形交互, 自动材质"
Rain Drops,UnrealEngine,https://pan.baidu.com/s/1U_TumEapZd5rt1J3Bgmd2Q?pwd=2580,,,,,"屏幕雨滴, 雨水"
Terrain Materials VOL.4,UnrealEngine,https://pan.baidu.com/s/1xp2iPpu6UchMDmC01l5Vrw?pwd=2580,,,,,"卡通, 风格化"
Water Materials,UnrealEngine,https://pan.baidu.com/s/1BzKAGdLgfhnvSMpAs2KLBw?pwd=2580,,,,,"河水, 瀑布"
Low Poly Survival Pack,UnrealEngine,https://pan.baidu.com/s/1-j4OTlGniGqjDn46of9cgA?pwd=2580,,,,,"求生, 道具"
POLYGON - Pirate Pack,UnrealEngine,https://pan.baidu.com/s/1k-kbHkw5qIJ5vvSoLs747A?pwd=2580,,,,,"村镇, 王国"
Water Village,UnrealEngine,https://pan.baidu.com/s/1NOAsg6wP2Fm50-lK9HwNvg?pwd=2580,https://pan.baidu.com/s/1NOAsg6wP2Fm50-lK9HwNvg?pwd=2580,,,,"人物, 建筑, 摊贩, 道具"
EasyMapper,UnrealEngine,https://pan.baidu.com/s/157b3rEiW9OLgqXUNnjv8Ug?pwd=2580,,,,,"纹理绘制, 顶点绘制"
Kitbash3D – Medieval Marketplace,UnrealEngine,https://pan.baidu.com/s/1DPrhgQ3TYVwI4rW4M2f5uQ?pwd=2580,,,,,"摊贩, 道具, 集市"
Landscape Smart Material,UnrealEngine,https://pan.baidu.com/s/1kmuoYrzK5qxxKJoKcrAOSg?pwd=2580,,,,,"地形材质, 植被"
POLYGON - Nightclubs,UnrealEngine,https://pan.baidu.com/s/1VbE7REuK5SmraGV2ZHwr5g?pwd=2580,,,,,"夜总会, 酒吧"
POLYGON City Pack,UnrealEngine,https://pan.baidu.com/s/1FY3Gz7Ph199Z8TQYG5cKTA?pwd=2580,,,,,"交通工具, 城市, 街道"
Advanced Water Material,UnrealEngine,https://pan.baidu.com/s/11iUH749B7rF0EYTyHVRqhQ?pwd=2580,,,,,"屏幕雨滴, 水泡, 海浪, 焦散"
Dark Ambient Pack,UnrealEngine,https://pan.baidu.com/s/1oXGtRopXXOe56iFx-wErhA?pwd=2580,,,,,环境音
Ice Cool,UnrealEngine,https://pan.baidu.com/s/1AgTfC1xDt2qV81p5GEw4YA?pwd=2580,,,,,"冰晶石, 雪"
Niagara Ambiance Fx Pack 1,UnrealEngine,https://pan.baidu.com/s/11quDY8jruM3WI1dNvkolaA?pwd=2580,,,,,"沙城暴, 狂风"
Kitbash3d Warzone,UnrealEngine,https://pan.baidu.com/s/184E_JzRmXHF-8A49bfWmTA?pwd=2580,,,,,"建筑, 破损"
500+ Ultimate LUTs Pack,UnrealEngine,https://pan.baidu.com/s/1BI57xcuewgOsBFkrlv28gA?pwd=2580,,,,,"后期, 调色"
Ritual Decal Package AI SOURCES,UnrealEngine,https://pan.baidu.com/s/1LmW4k0Gywwt4JN3cmftcvA?pwd=2580,,,,,"印章, 符文, 装饰"
Kitbash3D_Props_Secret_Labs,UnrealEngine,https://pan.baidu.com/s/1GzhUYH2oM5nurxEG0ygB7Q?pwd=2580,,,,,"医院, 实验室, 末日"
Procedural Decal Tools,UnrealEngine,https://pan.baidu.com/s/1yLY2Wo7lrf8mGlEhcr7Wiw?pwd=2580,,,,,"室内装饰, 水坑, 马路线"
Forest Fire,UnrealEngine,https://pan.baidu.com/s/1CEZr_1kn74FWHX8yUuikAQ?pwd=2580,,,,,"火焰, 燃烧"
Kitbash3D - Shangri-La,UnrealEngine,https://pan.baidu.com/s/16D3Xb1RkjtQnhhga_EEQsA?pwd=2580,,,,,"寺庙, 香格里拉"
POLYGON City Pack,UnrealEngine,https://pan.baidu.com/s/1HeB9-be8JTALXgRgMm-TQQ?pwd=2580,,,,,"交通工具, 城市, 建筑"
Kitbash3D系列合集,UnrealEngine,https://pan.baidu.com/s/1zymPH9aI87KrBAjHpgkNyw,,,,,"96套, Blender, C4D, FBX, Unreal"
Modelshop Greebles,UnrealEngine,https://pan.baidu.com/s/1qjMFArcpJhbI9btN1bj4Ug?pwd=2580,,,,,"舰艇, 飞机, 飞虎队"
Kitbash3d – Steampunk,UnrealEngine,https://pan.baidu.com/s/1afu7ygd0TKcHoZZ_PaihkA?pwd=2580,,,,,"朋克建筑, 蒸汽朋克"
Lowpoly Style Tropical Pack,UnrealEngine,https://pan.baidu.com/s/1YdCYJTilYlH3OtIEip6bcA?pwd=2580,,,,,"椰子树, 海岛"
POLYGON Nature Pack,UnrealEngine,https://pan.baidu.com/s/1uO3Y8gKKZAwO5UgmWH6q4Q?pwd=2580,,,,,"山石, 植被"
Astronova,UnrealEngine,https://pan.baidu.com/s/1m4Kl45Pl9mQGr2Gfm_NnWw?pwd=2580,,,,,"外星, 宇航员, 月球"
POLYGON - Samurai Pack,UnrealEngine,https://pan.baidu.com/s/1Hel_GaeQfDV1s28oqc4toQ?pwd=2580,,,,,"村庄, 武士, 街道"
POLYGON - Sci-Fi City,UnrealEngine,https://pan.baidu.com/s/1q9P-2_BxAsYGWmKXkeeISQ?pwd=2580,,,,,"街道, 赛博朋克, 都市"
Grunge Decals,UnrealEngine,https://pan.baidu.com/s/128pYTkENvqT1BPZynCnhQg?pwd=2580,,,,,"流迹, 脏迹, 青苔"
POLYGON City Characters,UnrealEngine,https://pan.baidu.com/s/16lcpJR2KCjDCimyOMio3Eg?pwd=2580,,,,,"NPC, 角色"
Aquatic Surface,UnrealEngine,https://pan.baidu.com/s/12MePbIFFBODCTHp68NncXw?pwd=2580,,,,,"吃水线, 焦散"
Lowpoly Style Asia,UnrealEngine,https://pan.baidu.com/s/1NFpH-_SEz5ZcVGoyl3pbIA?pwd=2580,,,,,"寺庙, 山石, 村庄, 植被"
Lowpoly Style Winter Environment,UnrealEngine,https://pan.baidu.com/s/1xTSb-AFkgavYfXi-CTuTJw?pwd=2580,,,,,"冬季, 村庄"
Niagara Realistic Waterfall and Water Element VFX,UnrealEngine,https://pan.baidu.com/s/1ZR1nT01jv3ZOvawwMtJAcQ?pwd=2580,,,,,瀑布
POLYGON Fantasy Characters,UnrealEngine,https://pan.baidu.com/s/1Y1raXr-_sEWOijoOTS19Rg?pwd=2580,,,,,"NPC, 角色"
VFX Pack Weather,UnrealEngine,https://pan.baidu.com/s/12jLK-GX4O-FxkoRe6UFxtQ?pwd=2580,,,,,"下雪, 落叶, 雨水"
Niagara Realistic Starter VFX Pack,UnrealEngine,https://pan.baidu.com/s/1kVccPTJZuL_FdywaRLp1mw?pwd=2580,,,,,"天气, 昆虫集群, 火焰, 落叶"
POLYGON - Fantasy Rivals,UnrealEngine,https://pan.baidu.com/s/1K3wQ0OEh96CTfpc3QW8olw?pwd=2580,,,,,"NPC, 角色"
Lowpoly Style Woodlands Pack,UnrealEngine,https://pan.baidu.com/s/1oiMKA-1baoaOYL4-ZgA5Ow?pwd=2580,,,,,"山石, 植被"
Simple Office Interiors,UnrealEngine,https://pan.baidu.com/s/1y_7x1DUhErA3lq0t8FhzNw?pwd=2580,,,,,"办公司, 电脑"
Special OPS,UnrealEngine,https://pan.baidu.com/s/1LXiWFnA3UVBHs1CHoOzwkw?pwd=2580,,,,,"枪械, 飞虎队"
POLYGON Adventure Pack,UnrealEngine,https://pan.baidu.com/s/1lSiQkMvS8M_OLUkvC78kPw?pwd=2580,,,,,"冒险, 求生"
Mech Squad,UnrealEngine,https://pan.baidu.com/s/1U8OgfPal8bUEYmVykon1NQ?pwd=2580,,,,,"机甲, 零件"
Dirt Track & General Dirt Decals,UnrealEngine,https://pan.baidu.com/s/16fMR1kwkdmDmXK7CfqQ28w?pwd=2580,,,,,"坑洞, 水坑, 泥路"
POLYGON - Construction Pack,UnrealEngine,https://pan.baidu.com/s/1J2s1xRpXL7jrJSR7PkAWQg?pwd=2580,,,,,"工人, 工地"
Waterfall VFX,UnrealEngine,https://pan.baidu.com/s/1A2kk3CdF4ZbvNS9JK990Mg?pwd=2580,,,,,"水, 河流, 瀑布"
Jade and Marble Material Pack,UnrealEngine,https://pan.baidu.com/s/1lYg3dJKaaJrJCjD2hGoUKA?pwd=2580,,,,,"SSS, 玉石"
Simple Farm,UnrealEngine,https://pan.baidu.com/s/1S67b6ZK_5b5HN_rUjiek2Q?pwd=2580,,,,,"农场, 拖拉机"
Simple Port,UnrealEngine,https://pan.baidu.com/s/1Q1_9q4f34s8PdJdSt8ttUg?pwd=2580,,,,,"港口, 码头"
M5 VFX Vol2. Fire and Flames,UnrealEngine,https://pan.baidu.com/s/1yQbyiLRwoqcAZRSYXl5YUQ?pwd=2580,,,,,"火焰, 烟雾, 燃烧"
POLYGON City Zombies,UnrealEngine,https://pan.baidu.com/s/1QlOr5pE0VNQOIY_4e0Rqjg?pwd=2580,,,,,"NPC, 丧尸"
Movement Animset Pro,UnrealEngine,https://pan.baidu.com/s/150l8HNIZvh9HmQ-YPzYVOg?pwd=2580,,,,,小白人动画资产包
POLYGON Spy Kit,UnrealEngine,https://pan.baidu.com/s/1vc0StYxYykcs8f3HbtnPfg?pwd=2580,,,,,"交通工具, 特工"
POLYGON - Ancient Empire,UnrealEngine,https://pan.baidu.com/s/1sJyTxCy480FDNSuzgNmhjA?pwd=2580,,,,,"古罗马, 希腊, 建筑"
Waterfall Tool,UnrealEngine,https://pan.baidu.com/s/1tesV4s5qPoSgg8jpVpRyQA?pwd=2580,,,,,瀑布
Fireworks Niagara FX,UnrealEngine,https://pan.baidu.com/s/1XFj6ETg7TyQ0yEb1XE-toQ,,,,,烟花爆竹
Pixel Particle Effect,UnrealEngine,https://pan.baidu.com/s/1gAGIpzHG53MXTWZkaQfszg?pwd=2580,,,,,"像素风, 火焰, 爆炸"
POLYGON - Sci-fi Space Pack,UnrealEngine,https://pan.baidu.com/s/11lk1QO8BcX5DEcM2To7y5w,,,,,"实验室, 未来环境, 飞船"
POLYGON War Pack,UnrealEngine,https://pan.baidu.com/s/1atTBWjccIBMQBUAPnKjC1A?pwd=2580,,,,,"基地, 帐篷, 战场"
Kitbash3d-Favela,UnrealEngine,https://pan.baidu.com/s/1Pc-Zr-tbySgIIJJ8bXkEeQ?pwd=2580,,,,,"建筑, 贫民窟, 铁板房"
Assetsville Town 2 - Modular County,UnrealEngine,https://pan.baidu.com/s/1rVAEQeVpRDrH9E2U0SBGrA?pwd=2580,,,,,"停车场, 城镇, 警局"
Road Materials and Decals,UnrealEngine,https://pan.baidu.com/s/1qglybAlEeBc_yoSPwBwrEw?pwd=2580,,,,,"水坑, 破损, 道路"
Kitbash3D Future Warfare,UnrealEngine,https://pan.baidu.com/s/12agVGEEWymdYmEJLEKepog,,,,,"未来城市建筑, 科幻"
Low Poly Fruits and Vegetables,UnrealEngine,https://pan.baidu.com/s/12owRpbEgzdXpeCb4BTFzTQ?pwd=2580,,,,,"木箱, 水果"
Kitbash3D-Heavy Metal,UnrealEngine,https://pan.baidu.com/s/1jKxbHiVorFhTTfJh3qFEfw?pwd=2580,,,,,"建筑, 未来环境, 科幻"
Cyberpunk Environment Kitbash Set,UnrealEngine,https://pan.baidu.com/s/1TGbYsjHUV9RogdEaxIvAbg?pwd=2580,,,,,"建筑, 管道"
911 First Responders,UnrealEngine,https://pan.baidu.com/s/12Ft2q-ctxoHSUyp6pVHsng?pwd=2580,,,,,"救护车, 末日, 街道"
POLYGON - Heist Pack,UnrealEngine,https://pan.baidu.com/s/1JyQB3Sbyknw-w80KSASGhw?pwd=2580,,,,,"抢劫, 盗匪, 银行"
Lowpoly Style Woodlands Pack,UnrealEngine,https://pan.baidu.com/s/1CUp-pCY_GaVuwrAG_8z61w?pwd=2580,,,,,"山石, 植被, 瀑布"
Low Poly Town,UnrealEngine,https://pan.baidu.com/s/1jvnSl92xQP5dogHXXvFGpg?pwd=2580,,,,,"城镇, 建筑, 街道"
Lowpoly Tropical Island,UnrealEngine,https://pan.baidu.com/s/1X6O1v96wdzd7gN3Mjj7-yg?pwd=2580,,,,,"岛屿, 海岛"
Grand Bazaar Collection,UnrealEngine,https://pan.baidu.com/s/14cPcJelx7D9omz-oMXlxag?pwd=2580,https://pan.baidu.com/s/14cPcJelx7D9omz-oMXlxag?pwd=2580,,,,"中东, 人物, 集市"
Rain Effects,UnrealEngine,https://pan.baidu.com/s/1_hZ0q4Yy7F89MgLrAdOd9g?pwd=2580,,,,,"流水, 雨滴"
Kitbash3D-Brooklyn,UnrealEngine,https://pan.baidu.com/s/1kiQHNi2lDkpQIyYBoAkm3A?pwd=2580,,,,,"建筑, 欧洲"
POLYGON Farm Pack,UnrealEngine,https://pan.baidu.com/s/1PAUhKVHcaexyK94BtPkE0w?pwd=2580,,,,,"农场, 庄园, 田地"
POLYGON - Street Racer,UnrealEngine,https://pan.baidu.com/s/19XrUR96If9EXqpd1aEbWdA?pwd=2580,,,,,"建筑, 赛道, 道路"
POLYGON Apocalypse Pack,UnrealEngine,https://pan.baidu.com/s/1VVNg9IRxGPrlCDRkXH6z_w?pwd=2580,,,,,"城市, 末日, 求生"
Assetsville Town,UnrealEngine,https://pan.baidu.com/s/1ON8nMJvchWH_JOXQ2lb1BA?pwd=2580,,,,,"城镇, 汽车, 街道, 货物, 超市"
Wild West,UnrealEngine,https://pan.baidu.com/s/1Yn3RXDcok2qoVzHUjCFIVw?pwd=2580,,,,,"村庄, 牛仔, 西部"
KitBash3D StoreFreont,UnrealEngine,https://pan.baidu.com/s/19ZLz-A_2VwL8jGJ0O224LA?pwd=2580,,,,,"店铺, 建筑, 模块化商铺"
Simple Apocalypse Interiors,UnrealEngine,https://pan.baidu.com/s/1BQnvqaA1rlru5B6ROlbq7g?pwd=2580,,,,,"火车站, 站台, 铁轨"
POLYGON Vikings Pack,UnrealEngine,https://pan.baidu.com/s/1Vx0IFwo1vupJ72FgZfKGPg?pwd=2580,,,,,"冬季, 山石, 树木, 维京"
Stylized Terrain Pack of 50 Materials,UnrealEngine,https://pan.baidu.com/s/1fKygEQu5T5Y0FXeVH62MxQ?pwd=2580,,,,,"卡通, 风格化"
Lightning Fast,UnrealEngine,https://pan.baidu.com/s/1uJwuAZNS0tURbudgbjXMVg?pwd=2580,,,,,"电流, 闪电"
Lost City Collection,UnrealEngine,https://pan.baidu.com/s/1d0qOB_MZbtKMTd_EfIGDhg?pwd=2580,https://pan.baidu.com/s/1d0qOB_MZbtKMTd_EfIGDhg?pwd=2580,,,,"人物, 遗址, 骆驼"
Ultimate Tornado 2D Effects Pack,UnrealEngine,https://pan.baidu.com/s/1wpXdCZTuYJlhh_qKDXDBFQ?pwd=2580,,,,,"火龙卷, 龙卷风"
Simple Fantasy Interiors,UnrealEngine,https://pan.baidu.com/s/1MiP61g7-eLZXRnJlFVUkLQ?pwd=2580,,,,,"室内, 教堂"
Surface Decals,UnrealEngine,https://pan.baidu.com/s/18-yQmdUzMNB9NZfMffVLHw?pwd=2580,,,,,"井盖, 水坑, 沙石"
Factory LowPoly,UnrealEngine,https://pan.baidu.com/s/1VFEZujsYb22VJn2AuI9_vw?pwd=2580,,,,,"城镇, 工厂, 车间"
Customizable Water Master-Material,UnrealEngine,https://pan.baidu.com/s/1QuM-EVCjFGcBzI-F_jVpzA?pwd=2580,,,,,"污水, 河道"
POLYGON Town Pack,UnrealEngine,https://pan.baidu.com/s/1739EImv_LJjF5PuMa48XvQ?pwd=2580,,,,,"交通工具, 城镇, 室内"
POLYGON - Battle Royale,UnrealEngine,https://pan.baidu.com/s/1Q6lKv-GoWr66zIcYfcnZZA?pwd=2580,,,,,"战地, 战场, 武器"
Assetsville Modular Hospital,UnrealEngine,,,,,,"医院, 直升机, 道具"
POLYGON - Dungeon Pack,UnrealEngine,https://pan.baidu.com/s/1j1tF3fK-oKtiQU6qnK5YCw,,,,,"地下城, 地牢"
VFX Pack Stylized FPS Muzzle and Impacts Effects,UnrealEngine,https://pan.baidu.com/s/1ZiGTcXm-I-WJK8oTw1pzQw?pwd=2580,,,,,"射击特效, 射击系统"
Swarms VFX,UnrealEngine,https://pan.baidu.com/s/19LFZBaKR1w2TAStpZSw7Yw?pwd=2580,,,,,"昆虫集群, 水母, 蚂蚁, 蜘蛛, 蝴蝶, 鱼群"
Advanced Cel Shader Essentials,UnrealEngine,https://pan.baidu.com/s/1b4C4TswJ7gfRuLk8uIMtRQ?pwd=2580,,,,,"卡通, 描边材质, 线框"
LanFang Character,UnrealEngine,https://pan.baidu.com/s/1F8VWtRyBjBVC3kQa_OskZg?pwd=2580,,,,,"侠客, 刺客"
Barbed Wire Spline Tool,UnrealEngine,https://pan.baidu.com/s/1hnf5rIe8nNFlNDyEdupokg?pwd=2580,,,,,铁丝网
Sculptures Pack Vol.2,UnrealEngine,https://pan.baidu.com/s/1aHJdws5ELsxo7g3-GSAC8A?pwd=2580,,,,,"石雕, 雕塑"
Auto Settings,UnrealEngine,https://pan.baidu.com/s/1Iy7cY-nXMbarF9GhzYAPcw?pwd=2580,,,,,"UI设计, 游戏界面"
AutoGen - AI Skybox,UnrealEngine,https://pan.baidu.com/s/1x-sV2RRzQsnTriR9u-LItQ?pwd=2580,,,,,"AI, 天空球"
Stylized Dynamic Sky Weather System,UnrealEngine,https://pan.baidu.com/s/1wl-gzJtkExVhVLyT4X7Opw?pwd=2580,,,,,动态天气
ALL HOLOGRAM VFX Pack,UnrealEngine,https://pan.baidu.com/s/19cPuRqoOqHmhHBoZsWvY6w?pwd=2580,,,,,"全息材质, 发光材质贴花"
Streetwear Girl 1 Casual Wear Girls Pack 1,UnrealEngine,https://pan.baidu.com/s/1gQ9-5UNyfQTFPkx1xiSvNw?pwd=2580,,,,,自定义角色
Survival Items Pack,UnrealEngine,https://pan.baidu.com/s/1ks2pgBZfoqXsWnVIAQ0UVg?pwd=2580,,,,,"工具, 武器, 求生套装"
Cat girl 101,UnrealEngine,https://pan.baidu.com/s/1fXIsLlDMugBgoje1JYwnZA?pwd=2580,,,,,猫女郎
AdventureGameLocomotionSystem AGLS V1.1,UnrealEngine,https://pan.baidu.com/s/15sAkbRzMumcpK2w_4fqz5g?pwd=2580,,,,,"动作系统, 运动系统"
Stellar Girl Celeste,UnrealEngine,https://pan.baidu.com/s/1MkQ7VuBkzVlb7O0IrAOAGA?pwd=2580,,,,,星女郎
Game Animation Sample,UnrealEngine,https://www.fab.com/listings/880e319a-a59e-4ed2-b268-b32dac7fa016%20虚幻商城保管库下载,,,,,"动作系统, 运动系统"
Traffic Lights and Lamps,UnrealEngine,https://pan.baidu.com/s/1kqdDUhpKIS73YwGZR8C94Q?pwd=2580,,,,,"交通标志, 告示牌, 红路灯"
LUV-3151 (East),UnrealEngine,https://pan.baidu.com/s/1pQYjBHhcDKLu85hLjJjhbQ?pwd=2580,,,,,越野车
Sky Creator v1.41.3,UnrealEngine,https://pan.baidu.com/s/19LgTpAea6T8MZz5FKjDoOA?pwd=2580,,,,,"体积云, 闪电"
Inventory And Weapon,UnrealEngine,https://pan.baidu.com/s/1-RZ2BzTqBjCfBH7KkNQC_w?pwd=2580,,,,,"射击系统, 武器系统"
Luos's Particle Toolkit Vol. 1,UnrealEngine,https://pan.baidu.com/s/1zYmtEdpoUALKk5Nirn5_sg?pwd=2580,,,,,"导弹, 法阵, 轨道"
Urban Interior Props Pack Vol.2,UnrealEngine,https://pan.baidu.com/s/12kwcrIEbU1hDr8DlHqoXIQ?pwd=2580,,,,,"冰箱, 水壶, 电视"
Voxel Plugin Pro,UnrealEngine,https://pan.baidu.com/s/10lJhLsjQPSJPoLurGp_LcQ?pwd=2580,,,,,"体素, 场景雾气"
PBR Statues,UnrealEngine,https://pan.baidu.com/s/1nYdPdmgELahRJ_KgswnqIg?pwd=2580,,,,,"石雕, 雕像"
G2: Monk,UnrealEngine,https://pan.baidu.com/s/1S8Vb-QUeGJre1bJwZU-guA?pwd=2580,,,,,"侠客, 僧, 刺客"
EasyFog,UnrealEngine,https://pan.baidu.com/s/13q-zTW9HHLnQyqvQ9j-80g?pwd=2580,,,,,"场景雾气, 面片雾"
Cemetery Props,UnrealEngine,https://pan.baidu.com/s/1KWUSic5Ks6iVHtHlSuyLJg?pwd=2580,,,,,"坟墓, 墓碑"
Flocks,UnrealEngine,https://pan.baidu.com/s/1Uq62uKxL3DQLK5_jZ1PnPA?pwd=2580,https://pan.baidu.com/s/1Uq62uKxL3DQLK5_jZ1PnPA?pwd=2580,,,,"飞鸟, 鱼群"
Interaction With Advanced Locomotion System,UnrealEngine,https://pan.baidu.com/s/1pvBW_38eRDX5kAXSA3mOJA?pwd=2580,,,,,"交互系统, 射击系统"
AmmoboxStudios s Prop Vehicle Pack,UnrealEngine,https://pan.baidu.com/s/1c6j9lhXbQz_FXwsFIUrpUw?pwd=2580,,,,,废弃车辆
Sword FX,UnrealEngine,https://pan.baidu.com/s/1kP-A8mwzV4zM9XZIm7H1Ag?pwd=2580,,,,,"刀剑, 附魔"
UltimateFarming,UnrealEngine,https://pan.baidu.com/s/17-xXyMOomIE5GusxI9XXZA?pwd=2580,,,,,"农作物, 庄稼, 水果"
Gothic Knight,UnrealEngine,https://pan.baidu.com/s/1rO5s7Ds1NKtIIQQPSjXj0w?pwd=2580,,,,,骑士
Defect Ultimate Props Bundle Vol.1,UnrealEngine,https://pan.baidu.com/s/1UBvUgvNXLhKyPvlnM_sMFA?pwd=2580,,,,,"轮胎, 道具, 铁桶"
Medieval Armour,UnrealEngine,https://pan.baidu.com/s/10-fJ5rCHzA53VlduxN8ILQ?pwd=2580,,,,,"战士, 武士"
Cinematic Portal Pack.rar,UnrealEngine,https://pan.baidu.com/s/1ofw0PbnB7KXHQ5XEshamCg?pwd=2580,,,,,"时空门, 魔法门"
Camping and Outdoor Adventure VOL.1,UnrealEngine,https://pan.baidu.com/s/1kQpq3XSrS5He5U0Qc59ehA?pwd=2580,,,,,"小艇, 帐篷, 求生"
Zombie - Army Soldier,UnrealEngine,https://pan.baidu.com/s/1JqLt3w8Y_NstDVRsMIzk4w?pwd=2580,,,,,丧尸
Horse For Heroes,UnrealEngine,https://pan.baidu.com/s/1y3kyJc_X6OftgZK2SxX9fA?pwd=2580,,,,,战马
Foliage VOL.23 - Ivy (Low Poly),UnrealEngine,https://pan.baidu.com/s/15KCB4MIaBVZfBPoFrzxNDA?pwd=2580,,,,,"爬山虎, 藤蔓"
Fantasy_architecture_Alex_Pi,UnrealEngine,https://pan.baidu.com/s/1XOsjvwDgfE-bA9jkEAOo6w?pwd=2580,,,,,"建筑, 石墙, 祭坛"
Black Myth: Wukong,UnrealEngine,https://pan.baidu.com/s/14TKVVaLXeZoNNITqg0xibQ?pwd=2580,,,,,黑神话
Massive Roads Pack,UnrealEngine,https://pan.baidu.com/s/11g34058kBimki3f16SmGHA?pwd=2580,,,,,"告示牌, 电线杆, 马路线"
VDB Clouds,UnrealEngine,https://pan.baidu.com/s/1dtV933IIPnVhgTmhL0i2CA?pwd=2580,,,,,"VDB, 云朵"
Dynamic Grass System,UnrealEngine,https://pan.baidu.com/s/1Lv2VRmQA8HzzbVLY6GCkSw?pwd=2580,,,,,"植被交互, 植被碰撞"
Population System Full Pack,UnrealEngine,https://pan.baidu.com/s/19Fpdv5Jdl7zco20ZDib2ag?pwd=2580,,,,,"NPC, 集群"
Driveable Vehicle Pack,UnrealEngine,https://pan.baidu.com/s/1w8_f7OiZA_nbnOD0hNymog?pwd=2580,,,,,"坦克, 装甲车"
Sci-Fi Girl,UnrealEngine,https://pan.baidu.com/s/1xslAdTwIWRelrmXE43nkPg?pwd=2580,,,,,机甲女孩
MossPack,UnrealEngine,https://pan.baidu.com/s/1_SHnMW0nonRmtd2LgbIPzw?pwd=2580,,,,,"苔藓, 青苔, 高精度岩石"
Suburbs VOL 5 Around the House Retro,UnrealEngine,https://pan.baidu.com/s/1b-v-f1-p7xb8xbwjy112XA?pwd=2580,,,,,"室内, 家居, 风扇"
Modular Medieval NPC,UnrealEngine,https://pan.baidu.com/s/1cTfq8yTp2lXKGVggRkcKGg?pwd=2580,,,,,NPC
Procedural Vehicles - Sedan,UnrealEngine,https://pan.baidu.com/s/1OrpVGty8Wdvoa1Dz_yQIcA?pwd=2580,,,,,"废弃车辆, 苔藓, 青苔"
Sci-Fi Dragon,UnrealEngine,https://pan.baidu.com/s/1ZO19_26h5yq0_oHMi945Yw?pwd=2580,,,,,科幻机甲神兽
Planets Generator,UnrealEngine,https://pan.baidu.com/s/13LSqlOxokwUQk0GkS_yctg?pwd=2580,,,,,"地球仪, 行星"
Monster_Beetle_Pack,UnrealEngine,https://pan.baidu.com/s/1mHe5BNV9wgTGi_Msnlf8dQ?pwd=2580,,,,,恐怖异性变异飞虫
CloudScape Volumetric Cloud & Fog Library,UnrealEngine,https://pan.baidu.com/s/1QW0uazJ9hyOsi9TuQT3Ceg,,,,,体积云
Space Skybox Collection Bundle,UnrealEngine,https://pan.baidu.com/s/117QqmtfDGujDGO7KD9BczQ?pwd=2580,,,,,"史诗, 手绘天空球"
Industrial Prop Set,UnrealEngine,https://pan.baidu.com/s/1twEopM3oQQifjqTP9UATCg?pwd=2580,,,,,"胶布, 铁桶, 集装箱"
Beach Girls,UnrealEngine,https://pan.baidu.com/s/1aNDRVn84ojtycg43FwdCJw?pwd=2580,,,,,沙滩女孩
Shaman,UnrealEngine,https://pan.baidu.com/s/1KvoWE9eYwdiQNnaqNKHOcQ?pwd=2580,,,,,部落角色
Ivy Pack,UnrealEngine,https://pan.baidu.com/s/1KXqbvqF7qFOGLocg2Jqsfw?pwd=2580,,,,,"爬山虎, 藤蔓"
Cyberpunk Girl 3,UnrealEngine,https://pan.baidu.com/s/1IzFY47NH2it92nrOgwjicA?pwd=2580,,,,,赛博女孩
Sci-Fi Swords Pack 1,UnrealEngine,https://pan.baidu.com/s/1DMaLjx1J5ynZq4ymYsRxhA?pwd=2580,,,,,"剑气, 武器"
Personnel,UnrealEngine,https://pan.baidu.com/s/1r7kpmiATLaH1IlgRfztd9w?pwd=2580,,,,,"工人, 防化服"
Mutant Monster 10,UnrealEngine,https://pan.baidu.com/s/1IKwoZ09mcg-HvevotdMhHg?pwd=2580,,,,,肌肉怪物
Matte Painting Skybox Bundle 2,UnrealEngine,https://pan.baidu.com/s/1LqAKuZMD3BJz5vnsZ47pEw?pwd=2580,,,,,"史诗, 手绘天空球"
VolumetricFog,UnrealEngine,https://pan.baidu.com/s/1yNpSVHZf-0aQ-bgXkmfnwQ?pwd=2580,,,,,体积雾
Neonify,UnrealEngine,https://pan.baidu.com/s/1EYiEDhLdgtrDE3Zu_p9moQ,,,,,"赛博朋克, 霓虹"
Crashed Airliner,UnrealEngine,https://pan.baidu.com/s/1wDOsXC5gSyctBF0D0jsGxw?pwd=2580,,,,,"破损, 飞机"
M5 VFX RPG1. Sword Trails(Niagara),UnrealEngine,https://pan.baidu.com/s/131Ukv599U0c5oU7a6pIDiw?pwd=2580,,,,,"剑气, 拖尾"
Beefy Blackbirds Niagara Bird System,UnrealEngine,https://pan.baidu.com/s/1RKyJ0Hk2tUnjHFZeQqsWOw?pwd=2580,,,,,"飞鸟, 鸟群"
Oceanology,UnrealEngine,https://pan.baidu.com/s/1OXY_3QY3RGkcO_w46_NOLg?pwd=2580,https://pan.baidu.com/s/1OXY_3QY3RGkcO_w46_NOLg?pwd=2580,,,,"吃水线, 海洋, 焦散"
Rubble and Debris Modular Set,UnrealEngine,https://pan.baidu.com/s/1dk7Aa2fsXFNTxxxyR31WOQ?pwd=2580,,,,,"砖块, 碎石"
StylizedWeather,UnrealEngine,https://pan.baidu.com/s/16NWx5iAR_CrICo0CFKF2RA?pwd=2580,,,,,动态天气
Graffiti Generator,UnrealEngine,https://pan.baidu.com/s/1r6LLnykeTsCpTXfKh-XUpg?pwd=2580,,,,,"发光材质贴花, 涂鸦"
Magic Circles and Shields 2,UnrealEngine,https://pan.baidu.com/s/1tkGTp1ZWvGDhDJ7AedTDrQ?pwd=2580,,,,,"技能, 法阵"
Train Pack,UnrealEngine,https://pan.baidu.com/s/1ssXfGQ4M5vwAYEgYYDSOuQ,,,,,"火车站, 车厢"
MP System V3,UnrealEngine,https://pan.baidu.com/s/1WI7XjhdEfSKdlEqtxu3z6Q?pwd=2580,,,,,"射击系统, 武器系统"
Black Dragon,UnrealEngine,https://pan.baidu.com/s/1v-dzA1ipJjvg4sOBcmyU9g?pwd=2580,,,,,"中国龙, 飞龙, 龙"
Clouds & Skies,UnrealEngine,https://pan.baidu.com/s/14DyODrKNmfXSMSufSv9pkg?pwd=2580,,,,,面片云
InfinityWeather,UnrealEngine,https://pan.baidu.com/s/1DwFiRe7c3dpVpEwoyV1-lQ?pwd=2580,,,,,动态天气
Billboards Pack Vol 01,UnrealEngine,https://pan.baidu.com/s/1H3L_KK7mar0Jl6aZHoiHjw?pwd=2580,,,,,"广告牌, 霓虹灯"
Ravens,UnrealEngine,https://pan.baidu.com/s/1UiZEOQrGuQg0hG90sbZgVQ?pwd=2580,,,,,乌鸦
Modern character 3,UnrealEngine,https://pan.baidu.com/s/1oVfSJB8ocjvHNj-rZOJxXQ?pwd=2580,,,,,现代街头男性角色
Hack And Slash FX,UnrealEngine,https://pan.baidu.com/s/1vuF7nenkfLeoU-uvgoxsag,,,,,"剑气, 技能, 拖尾"
Wall Bundle,UnrealEngine,https://pan.baidu.com/s/16RR8-aUVVmMS-aAX9s2U7w?pwd=2580,,,,,"木墙, 砖墙"
China Grottocarving,UnrealEngine,https://pan.baidu.com/s/1dlGXTtpAkMtOL3QJ6WvuoA?pwd=2580,,,,,"石雕, 雕像"
TuoLuoLuo,UnrealEngine,https://pan.baidu.com/s/1zZQDQv25U5w6W6Wi0o7mfw?pwd=2580,,,,,"原神, 托洛洛"
Easy Survival RPG,UnrealEngine,https://pan.baidu.com/s/1QOt2NRcOvfX_HVi8GI_F8Q?pwd=2580,,,,,"动作系统, 生存系统"
K-POP SERIES - Ryu,UnrealEngine,https://pan.baidu.com/s/1DLrM-bYT4ViFOBdxYf4RVg?pwd=2580,,,,,JK女孩
Animal Particle FX,UnrealEngine,https://pan.baidu.com/s/1-PGPHOkNDidTvHV9-DJfOQ?pwd=2580,,,,,"萤火虫, 飞虫, 飞鸟, 鱼群"
Fluid Flux,UnrealEngine,https://pan.baidu.com/s/1BNWnDf_PIbkRujuVgkWi9g?pwd=2580,https://pan.baidu.com/s/1BNWnDf_PIbkRujuVgkWi9g?pwd=2580,,,,"河流, 海洋, 瀑布"
Tana the Spirit of the Wishing Tree,UnrealEngine,https://pan.baidu.com/s/1InTvy_ZGA0rNt5rySNR5bA?pwd=2580,,,,,"孟婆, 神婆"
DEMON_ARLIKIN,UnrealEngine,https://pan.baidu.com/s/1numufVAz2VijZZ8swigaog?pwd=2580,,,,,怪物屠夫
ArchViz Explorer,UnrealEngine,https://pan.baidu.com/s/1ElmTe-XZGPWe6PORUYkL0A?pwd=2580,,,,,"VR漫游, 数字城市, 虚拟城市"
Medieval Market Optimized,UnrealEngine,https://pan.baidu.com/s/1O5TG6KUWupY4_KbyxYXyMw,,,,,"商摊, 市集, 水果, 蔬菜"
Crazy Ivy,UnrealEngine,https://pan.baidu.com/s/1XzOPAH8gp-W9fOMDXPCq5w?pwd=2580,,,,,"爬山虎, 藤蔓"
Asian Armour,UnrealEngine,https://pan.baidu.com/s/1CJWhDEEVqi9-BlUdhdiK3g?pwd=2580,,,,,"战士, 武士"
Ultimate Multiplayer FPS Kit V2,UnrealEngine,https://pan.baidu.com/s/1hjX9JAxoGt3zq_MaeRRfqQ?pwd=2580,,,,,"射击系统, 武器系统, 生存系统"
EasyRain,UnrealEngine,https://pan.baidu.com/s/1t9ndnilwaaoNkKnk-XrvEQ?pwd=2580,,,,,下雨特效
Suburbs VOL.19 - Retro Office,UnrealEngine,https://pan.baidu.com/s/1ZuekGoifwH5XRldAiF4hmQ?pwd=2580,,,,,"办公室, 家居, 道具"
HDRI Into The Clouds Panoramas,UnrealEngine,https://pan.baidu.com/s/1Tenrwjza67hBr4fVoJxd_g?pwd=2580,,,,,"HDR, 天空球"
Menu System Pro,UnrealEngine,https://pan.baidu.com/s/1RqlG0wAKZmmSnj_cgMhxYQ?pwd=2580,,,,,"UI设计, 界面美化"
Female Medical Worker 01,UnrealEngine,https://pan.baidu.com/s/1vSiBlgvf150ASl-gUO6TVw?pwd=2580,,,,,防化服
Animal Pack Ultra 2,UnrealEngine,https://pan.baidu.com/s/1hA6xiGkmPLEnj9s6t1Frug?pwd=2580,,,,,动物
wParallax,UnrealEngine,https://pan.baidu.com/s/1DuUDdWYTpp7bNQRoskfUTg?pwd=2580,,,,,"窗户, 视差"
AnimX Advanced Cats,UnrealEngine,https://pan.baidu.com/s/16XshhVN2TbqVMb3LVCBbLQ?pwd=2580,,,,,猫咪模拟器
EasySnow,UnrealEngine,https://pan.baidu.com/s/1Z8h4TXNkinPAKNp-5tZzfg?pwd=2580,,,,,雪特效
Ancient Undead Pack,UnrealEngine,https://pan.baidu.com/s/1wppWXD1Jw3h8TOsJI_Lz3A?pwd=2580,,,,,"木乃伊, 远古亡灵"
Melee Weapons,UnrealEngine,https://pan.baidu.com/s/1ieGBvvIgn-KeFSIZ2fhSIw?pwd=2580,,,,,"工具, 武器, 求生套装, 锯子"
Top-Down Post-Apocalyptic Props,UnrealEngine,https://pan.baidu.com/s/1qpef1IycNByQSa1ywXjZOg?pwd=2580,,,,,"告示牌, 大巴, 汽车, 警车"
Citizen NPC,UnrealEngine,https://pan.baidu.com/s/1vk1kir5wAn0OnOY-x8a9tQ?pwd=2580,,,,,"医生, 工人, 市民"
RPG Hero Character,UnrealEngine,https://pan.baidu.com/s/1c6hMc2FuvBSUo83bVVNYLg?pwd=2580,,,,,"探险者, 英雄"
Complete Animals,UnrealEngine,https://pan.baidu.com/s/1hA6xiGkmPLEnj9s6t1Frug?pwd=2580,,,,,动物
Living Particles Niagara,UnrealEngine,https://pan.baidu.com/s/1WHjZ8iYNx5TbFFtYfrOkrw?pwd=2580,,,,,"力场, 动态交互"
Ultimate Multiplayer Survival Pack V5.5,UnrealEngine,https://pan.baidu.com/s/152ezmUUSJ3B9C6nwIBYOxg?pwd=2580,,,,,"射击系统, 生存系统"
Survival Game Kit V2,UnrealEngine,https://pan.baidu.com/s/1nicUeND3h_N3Jj8WVXRawA?pwd=2580,,,,,"射击系统, 生存系统"
Modular Skeleton Mage,UnrealEngine,https://pan.baidu.com/s/18yUi37zSLHx8nzwMfqHaxQ?pwd=2580,,,,,"恶灵, 骷髅头"
Robot Robbie 02,UnrealEngine,https://pan.baidu.com/s/1W_35fjmdl9Sw3lYa87IQDQ?pwd=2580,,,,,机器人罗比
VFX Impacts,UnrealEngine,https://pan.baidu.com/s/1TnP_3TXJrUNUBI3bSKoZIQ?pwd=2580,,,,,"动态交互, 火花, 灰尘, 血滴"
HQ Retro School Bus,UnrealEngine,https://pan.baidu.com/s/1LOFI6xl30FujUuQ60kFRzA?pwd=2580,,,,,"大巴, 校车"
BlackMoon BOSS PACK 2,UnrealEngine,https://pan.baidu.com/s/1Qsssl4RBW25ERE7eFNwR0w?pwd=2580,,,,,"木乃伊, 邪恶角色"
Robot Robbie 01,UnrealEngine,https://pan.baidu.com/s/1Xs9mFjzsrg3XV8rLq9pY2Q?pwd=2580,,,,,机器人罗比
UIPF Unified Interactive Physical Foliage,UnrealEngine,https://pan.baidu.com/s/1k_WX5VVjVz5SMcjZMbP9jA?pwd=2580,,,,,"植被交互, 植被碰撞"
Industry Props Pack 4,UnrealEngine,https://pan.baidu.com/s/1O_S95u7HZCSB3INXmzQ-Ew?pwd=2580,,,,,"垃圾, 废纸, 集装箱"
Lightning Electricity VFX Pack,UnrealEngine,https://pan.baidu.com/s/10vUADbJ9ixYDcsZFjpVZQw?pwd=2580,,,,,"激光, 闪电"
Modular Survival Hero,UnrealEngine,https://pan.baidu.com/s/1bJ2UQ2BPdIwhnL-9nNs5Uw?pwd=2580,,,,,生存英雄
Ultra Volumetrics,UnrealEngine,https://pan.baidu.com/s/1PMOLa0ysGBmWsC9gHWpkeA?pwd=2580,,,,,体积雾
FPS Multiplayer Template,UnrealEngine,https://pan.baidu.com/s/1M4QipU7SAmq8OY8vkp_rVw?pwd=2580,,,,,"射击系统, 武器系统"
UltraDynamicSky,UnrealEngine,https://pan.baidu.com/s/1aOpzVtNZSUZg5z3yoaBTtg?pwd=2580,https://pan.baidu.com/s/1aOpzVtNZSUZg5z3yoaBTtg?pwd=2580,,,,动态天气
HQUI: Buttons,UnrealEngine,https://pan.baidu.com/s/1t5wfvL7LWKCBKhD1FMZ03g?pwd=2580,,,,,"UI设计, 游戏界面"
Quantum Meta Clouds,UnrealEngine,https://pan.baidu.com/s/1pA-8pIl6EDdmWywdPuUaEg?pwd=2580,,,,,面片云
Chinese Dragon Statues,UnrealEngine,https://pan.baidu.com/s/1Zv7xWPC2jS48Y4Pnm6YqGQ,,,,,"金龙, 雕像, 龙"
Pro Main Menu V3,UnrealEngine,https://pan.baidu.com/s/1fvUmcWB1kyUAKPsXVjO4cA?pwd=2580,,,,,"UI设计, 人物界面"
ProceduralMossSnow,UnrealEngine,https://pan.baidu.com/s/1Iq8eU6ZeE2_uwJm15xe9oA?pwd=2580,,,,,"积雪, 程序化, 苔藓, 覆盖物, 青苔"
Rainy Neon Streets,UnrealEngine,https://pan.baidu.com/s/1sVN4nVFPM5lc-Gvzc_vrdA?pwd=2580,,,,,"巷子, 街道, 赛博朋克, 雨夜"
Derelict Corridor Megascans Sample,UnrealEngine,https://pan.baidu.com/s/1GymWyMM3QmwFJ2ZImDodgw?pwd=2580#list/path=%2F,,,,,"墙面, 废弃走廊, 过道"
Character Editor,UnrealEngine,https://pan.baidu.com/s/1omdeL8sYODlSfz0usGhaiw?pwd=2580,,,,,"捏人系统, 换装系统, 角色编辑器"
SciFi Environment — 'Offworld',UnrealEngine,https://pan.baidu.com/s/1N0vtKVo9vyro2Hcma5xvxQ?pwd=2580#list/path=%2F,,,,,"巨型, 末日, 线缆"
Lighting VOL.1,UnrealEngine,https://pan.baidu.com/s/1kfehP7Aynr4_AQuklGcIzQ?pwd=2580,,,,,"吊扇, 吊灯, 风扇"
Abandoned Hong-Kong,UnrealEngine,https://pan.baidu.com/s/16cqD0SoAMk_TImN-00B22w?pwd=2580,,,,,"居民区, 老巷, 街道, 香港"
Modular Swimming Pool Megapack,UnrealEngine,https://pan.baidu.com/s/1vHxRQgFREcCwLKIalbjHKg?pwd=2580,,,,,"水池, 泳池, 游泳池"
Cine Cam,UnrealEngine,https://pan.baidu.com/s/1tdtvi1N3GUfy9MGmAiFh7w?pwd=2580#list/path=%2F,,,,,"VR漫游, 拍照, 焦距"
国风画卷场景,UnrealEngine,https://pan.baidu.com/s/1L39OAqbaR9ADjtdxSskHzw?pwd=2580,,,,,"古风, 国风, 山水画, 水墨画"
Elvish / Elven City in Forest Environment Megapack,UnrealEngine,https://pan.baidu.com/s/15WzLbxLJN9UchS2FdjQ0cQ?pwd=2580#list/path=%2F,,,,,"城堡, 建筑, 森林, 道路"
SnowPCG,UnrealEngine,https://pan.baidu.com/s/1qgGnFXvliVCHuhW-ndLIZA?pwd=2580,,,,,"PCG, t苔藓, 积雪, 苔藓"
Nanite Foliage - Grass,UnrealEngine,https://pan.baidu.com/s/1kvhioIzxyCr5ipVBjEavCw?pwd=2580#list/path=%2F,,,,,"Nanite, 草地"
Nia,UnrealEngine,https://pan.baidu.com/s/1cGno1sNuxenj3iec2kiVsA?pwd=2580,,,,,"古代, 古风, 山体侵蚀, 山峰"
Whale submarine,UnrealEngine,https://pan.baidu.com/s/1ZIkWT5iHQTt27XmCVZYgCw?pwd=2580#list/path=%2F,,,,,"仿生, 机械生物, 潜水艇, 鲸鱼"
Cloud Forge Complete - VDB Clouds 1.4.3,UnrealEngine,https://pan.baidu.com/s/11asw0X8i3lqM4ux5HlSkLA?pwd=2580,,,,,"VDB, 云朵, 体积云"
Ultra Stylized Grass,UnrealEngine,https://pan.baidu.com/s/1oARzvb1xfVwwFwvKNFJNsQ?pwd=2580,,,,,"草, 风格化草地"
Realistic Grass SV 02 Master Grass,UnrealEngine,https://pan.baidu.com/s/1BeMEu-vfkYEvW_z8mkYNZw?pwd=2580,,,,,"草, 草地"
Foliage VOL.32 - Dead Forest (Nanite),UnrealEngine,https://pan.baidu.com/s/1KQPx9hpebcXb0ChFLszcGA?pwd=2580#list/path=%2F,,,,,"树木, 树林, 森林, 植被, 野外"
SnowForest,UnrealEngine,https://pan.baidu.com/s/1C7iKOrfvwv0SzDMjUV3Jlw?pwd=2580,,,,,"山石, 森林, 雪地, 高精度岩石"
VisualWindEffect,UnrealEngine,https://pan.baidu.com/s/1AD4OPKbNe8OC2UedaDGMDA?pwd=2580,,,,,"可视化风, 风"
EasyAtmos,UnrealEngine,https://pan.baidu.com/s/1ZboCvU6yK0AZ3FDMbuR7vQ?pwd=2580,,,,,"特效, 环境, 粒子特效"
Ultimate Horse System V1.3,UnrealEngine,https://pan.baidu.com/s/1S_Ek7UprlG6b4dL7A1T-yQ?pwd=2580#list/path=%2F,,,,,"三个文件夹都要复制！打开Water、Enhanced input插件, 战马, 骑乘系统"
Realistic_Rock_Set,UnrealEngine,https://pan.baidu.com/s/1CfN5eW-Yod202o5EO2XzAg?pwd=2580,,,,,"山石, 野外, 高精度岩石"
Mountain Village,UnrealEngine,https://pan.baidu.com/s/1zNR8WjUk-nq1ysTj-JYkPQ?pwd=2580,,,,,"农场, 农庄, 村庄, 松树, 野外"
Ground Material Pack Advanced Materials,UnrealEngine,https://pan.baidu.com/s/120_ona9J3narh6PSToIipA?pwd=2580#list/path=%2F,,,,,"地形材质, 地表"
Dark Ruins Megascans Sample,UnrealEngine,https://pan.baidu.com/s/1GSfr2Y8ebrZYXoCHlBxK6A?pwd=2580,,,,,"地牢, 建筑, 教堂, 遗迹, 高精度岩石"
Realistic RiverRock,UnrealEngine,https://pan.baidu.com/s/1YFtB2gNTO3g22pnT9LfTkQ?pwd=2580,,,,,"树木, 河滩, 河边, 高精度岩石"
黑神话悟空场景3D模型,UnrealEngine,https://pan.baidu.com/s/1X0dKTqnFGbwd1YlY3zyDpQ?pwd=2580,https://pan.baidu.com/s/1X0dKTqnFGbwd1YlY3zyDpQ?pwd=2580,,,,"古风, 国风, 大殿, 建筑, 黑神话"
Mud Eroded Environment,UnrealEngine,https://pan.baidu.com/s/1dxVIH5OgftXFW6WQV5q4ZA?pwd=2580#list/path=%2F,,,,,"山石, 河床, 河滩, 高精度岩石"
Substance Designer岩石悬崖地表山体,UnrealEngine,https://pan.baidu.com/s/188Hdarqw2iPOp3HY3jzhdQ?pwd=2580,,,,,"SD, 材质, 高精度岩石"
Imidera - The Desert Empire,UnrealEngine,https://pan.baidu.com/s/1CLILxkszhWfc4G1FFyjrAQ?pwd=2580#list/path=%2F,,,,,"埃及, 帝国, 椰子树, 沙漠"
Oni Samurai?,UnrealEngine,https://pan.baidu.com/s/1mdU4fBF1CuY3MsvcKdGRCw?pwd=2580#list/path=%2F,,,,,"剑客, 日本武士"
Skeleton,UnrealEngine,https://pan.baidu.com/s/13d-mdTd6aPwv7gcUZtM_7w?pwd=2580,,,,,"兽骨, 骷髅头"
Background Birds,UnrealEngine,https://pan.baidu.com/s/1oViFrrBBcZwkPSOEHUiipg?pwd=2580,,,,,"背景, 鸟群"
Skull And Bones Vol.1,UnrealEngine,https://pan.baidu.com/s/1rlv48tEb7O-h_T_y_Y8T0Q?pwd=2580,,,,,"兽骨, 白骨, 骨头, 骷髅头"
Style Rock,UnrealEngine,https://pan.baidu.com/s/1CyIlR63q8ch3NnExaOjbQw?pwd=2580,https://pan.baidu.com/s/1CyIlR63q8ch3NnExaOjbQw?pwd=2580,,,,"山石, 岩石, 风格化"
Ancient Mayan Ruins,UnrealEngine,https://pan.baidu.com/s/1edj9J20eHx9PkXM6aAliPA?pwd=2580,,,,,"地面, 石柱, 砖块, 雕像"
MW Lava Desert Landscape,UnrealEngine,https://pan.baidu.com/s/1yAyQb_kb3KeWNH_Q_Q7Pgg?pwd=2580,,,,,"岩浆, 火山, 熔岩"
Martian Surface,UnrealEngine,https://pan.baidu.com/s/1NyyHUyoLVGIG9mzL-tehvA?pwd=2580#list/path=%2F,,,,,"岩石, 沙漠, 沙石"
Cooled & Flowing Lava,UnrealEngine,https://pan.baidu.com/s/1XIKLKbZXTk1vhpT7jvzX4w?pwd=2580,,,,,"岩浆, 火山"
怪兽龙头怪物头部,UnrealEngine,https://pan.baidu.com/s/1ohq_zufBCLS4hmohF3drFw?pwd=2580#list/path=%2F,,,,,"头部, 怪兽, 恶魔"
Stylized Gray Rock,UnrealEngine,https://pan.baidu.com/s/1HMYQ7uCVZdinA8Ri3v9AUQ?pwd=2580,,,,,"山石, 岩石, 碎石, 风格化"
Village and Nature - Blazing Highlands,UnrealEngine,https://pan.baidu.com/s/1ZLs4rgJaxda6DdAwgexcqw?pwd=2580#list/path=%2F,,,,,"卡通, 原神, 自然, 草地, 风格化"
Red Desert Pack,UnrealEngine,https://pan.baidu.com/s/1bVto1bBP7f-43TnLZPc1ZQ?pwd=2580,https://pan.baidu.com/s/1bVto1bBP7f-43TnLZPc1ZQ?pwd=2580,,,,"仙人掌, 山石, 沙漠"
Namaqualand Environment and Asset Pack,UnrealEngine,https://pan.baidu.com/s/1uBvuCXvDLDksUuHVMiDSJg?pwd=2580,,,,,"岩石, 植被, 灌木, 碎石, 野外"
Soviet Apartment Megapack,UnrealEngine,https://pan.baidu.com/s/1JS8YZ8vG0HjQ9MJgPwYb9g?pwd=2580#list/path=%2F,,,,,"卧室, 后苏联, 室内, 破碎"
MeshBlend,UnrealEngine,https://pan.baidu.com/s/1nTTnrKpaS5DR6vhinERd0A?pwd=2580#list/path=%2F,,,,,"RVT, 材质混合, 模型融合, 过渡效果"
RockPack,UnrealEngine,https://pan.baidu.com/s/1IeSiKgRgXV9kV5daG1hIyg?pwd=2580,,,,,"地形材质, 岩石, 此资产禁止商用及公开发布！！！, 沙漠, 碎石"
Rose,UnrealEngine,https://pan.baidu.com/s/1JwlrcNWfFJ1cGNTulI49aw?pwd=2580,,,,,"水晶玫瑰, 玫瑰"
Blend File Importer,UnrealEngine,https://pan.baidu.com/s/12ugl1fOuh1qOHXZJcMpbpw?pwd=2580#list/path=%2F,,,,,blender导入
Paris - Fontaine Saint-Michel,UnrealEngine,https://pan.baidu.com/s/1cgpGgH7jKmlmFQ7UMz-gyQ?pwd=2580#list/path=%2F,,,,,"城市, 巴黎, 建筑, 欧洲, 街道"
Fantasy Dungeon 2 (ossuary),UnrealEngine,https://pan.baidu.com/s/11e-pAX0Tf992iKa9h0Rx1A?pwd=2580,,,,,"地牢, 建筑, 骷髅头, 黑魂"
UAsset Browser,UnrealEngine,https://pan.baidu.com/s/1y7MXyzG3fI-vUPybOZx-FQ?pwd=2580#list/path=%2F,,,,,"资产库管理, 资产管理"
视效集成工具箱,UnrealEngine,https://pan.baidu.com/s/1bXOWDyd40NxA7SDMDaTcQQ?pwd=2580,,,,,"VFX, 工具箱"
Easy TopDown Template,UnrealEngine,https://pan.baidu.com/s/1kvQnhratMLjET-vZQ3g_2A?pwd=2580,,,,,"丧尸模板, 俯视角, 射击模板, 战斗, 生存游戏"
Vintage SciFi pack VOL 1 Enigmatic Ancient Stone,UnrealEngine,https://pan.baidu.com/s/1WxPD1Qmmwn8pG5UOjW07qA?pwd=2580#list/path=%2F,,,,,"异形, 科幻, 雕塑"
Top-Down RPG Template,UnrealEngine,https://pan.baidu.com/s/1nSLxKqY4aogHh3o2giWPow?pwd=2580,,,,,"俯视角, 暗黑破坏神, 黑魂"
ReScatter,UnrealEngine,https://pan.baidu.com/s/17yGUlJPgQyI2wTnLt29f6Q?pwd=2580,,,,,"散布工具, 物理模拟, 程序化散布"
LightForge,UnrealEngine,https://pan.baidu.com/s/1AEKM1ebaLq6bDGpHnDQbng?pwd=2580,,,,,"nanite阴影修复, 控制台命令, 电影级品质, 超写实渲染"
ia scatter,UnrealEngine,https://pan.baidu.com/s/1UEirdPPPFY-v92VOsNknxA?pwd=2580,,,,,"PCG, 体积散布, 散布工具, 蓝图"
ProInstance Tools Plugin,UnrealEngine,https://pan.baidu.com/s/1gaaTu1BFBN5O0b0QFl4IYA?pwd=2580#list/path=%2F,,,,,"交互散布, 物理模拟, 程序化散布"
AncientTemple,UnrealEngine,https://pan.baidu.com/s/10sq3-QiH6nmqCbvJvLbuFQ?pwd=2580,,,,,"寺庙, 建筑, 遗迹"
Stylized Cavern Mahal,UnrealEngine,https://pan.baidu.com/s/1767r8U1Da5DYJmDh7oLvzg?pwd=2580,,,,,"城堡, 教堂, 皇宫, 神庙"
Stylized Dungeon Castle,UnrealEngine,https://pan.baidu.com/s/1FaLMsN2ZtoQQSk97XY6Ifg#list/path=%2F,,,,,"地牢, 教堂, 暗黑破坏神"
Stylized Medieval House,UnrealEngine,https://pan.baidu.com/s/1KaBujAatsrrfQJ_Es8MVWA?pwd=2580,,,,,"中世纪, 建筑, 房屋"
POLYGON-Office Pack,UnrealEngine,https://pan.baidu.com/s/1cw0cRxLYS9EME47HhyUysQ?pwd=2580,,,,,"办公室, 室内, 道具"
Fantasy Gothic Pack,UnrealEngine,https://pan.baidu.com/s/1bRbV0tE3yjLLWw5uXBWfIQ?pwd=2580,,,,,"哥特建筑, 城堡, 教堂, 遗迹"
Robot Robbie 03,UnrealEngine,https://pan.baidu.com/s/1emkb39fK4II3kq_ktS_CpQ?pwd=2580,,,,,机器人罗比
Stylized Waterways,UnrealEngine,https://pan.baidu.com/s/16s0k4f1pvHe-6jN7wr52dQ?pwd=2580,,,,,"木桥, 水, 洞穴, 船, 草地, 青蛙"
Sci-Fi Dog,UnrealEngine,https://pan.baidu.com/s/1eSzIb7lf6XMaQjwGwYfnlA?pwd=2580,,,,,"机械生物, 机甲, 狗"
Water Stylized Custom,UnrealEngine,https://pan.baidu.com/s/1EIUUJEdziNOxfdoeLxfFfw?pwd=2580,,,,,"水, 池塘, 风格化"
Alien Biomass Infection Planet and Scifi Corridor,UnrealEngine,https://pan.baidu.com/s/1smHIxQwZ9RiqkCp6rK0RWQ?pwd=2580,,,,,"外星, 孢子, 感染, 细胞"
City in the Sky,UnrealEngine,https://pan.baidu.com/s/1apudx-iuiLujtjOR4rVGeg?pwd=2580,,,,,"天空之城, 建筑, 飞行"
NiagaraUpgradeGlow,UnrealEngine,https://pan.baidu.com/s/1BVG-kX_QGO0cVcejmNIXDQ?pwd=2580#list/path=%2F,,,,,"技能, 特效"
Alien Planet Fantasy,UnrealEngine,https://pan.baidu.com/s/1ajU7jgShhtlbPbFvrB5e5A#list/path=%2F,,,,,"发光植物, 外星植被, 奇幻植被"
Dragon Eggs Collection,UnrealEngine,https://pan.baidu.com/s/14V-Etg929tB1pwRoDNbsZw?pwd=2580,,,,,"外星, 孢子, 龙蛋"
Underwater Coral Pack 01,UnrealEngine,https://pan.baidu.com/s/1aH7beY3nCnVlCmd8j2m9Rw?pwd=2580#list/path=%2F,,,,,"外星植被, 奇幻植被, 珊瑚"
Forest Fungi - Mushroom Pack,UnrealEngine,https://pan.baidu.com/s/1mAAtpjIa0M6q-JLV1RK1SQ?pwd=2580#list/path=%2F,,,,,"奇幻植被, 真菌, 蘑菇"
Desert plants,UnrealEngine,https://pan.baidu.com/s/1ozM4pc2uIHIr93xgCv6CuA?pwd=2580,,,,,"仙人掌, 沙漠植被, 灌木"
Mushroom Pack,UnrealEngine,https://pan.baidu.com/s/1e1j8eFDsAr7f21GRSVi5Pg?pwd=2580#list/path=%2F,,,,,"奇幻植被, 真菌, 蘑菇"
Biomass: Pulsating Lifeforms,UnrealEngine,https://pan.baidu.com/s/1Yky5tZV4tMEu6Kji_Ymfuw?pwd=2580#list/path=%2F,,,,,"怪异, 生物质, 触须"
Fantasy plants 4,UnrealEngine,https://pan.baidu.com/s/1VMLqSOaaCVZSrDVLx5IX6A?pwd=2580,,,,,"奇幻植被, 盆栽"
Alien Planet Tropical Jungle Fantasy Forest Environment,UnrealEngine,https://pan.baidu.com/s/1ckHmCuf336ckqIBhTgzw-Q?pwd=2580#list/path=%2F,,,,,"发光植物, 外星植被, 奇幻植被"
Coral,UnrealEngine,https://pan.baidu.com/s/17H5Fm1UmOVu8h96RnB7orA#list/path=%2F,,,,,"发光植物, 海底植物, 珊瑚"
Fantasy plants,UnrealEngine,https://pan.baidu.com/s/1C5XrwegUrJzwyoGGE0-teQ?pwd=2580#list/path=%2F,,,,,"奇幻植被, 盆栽"
Alien Ocean Environment Fantasy Planet,UnrealEngine,https://pan.baidu.com/s/1yDQ0Al2vYkVfNGXeO2qwrg?pwd=2580#list/path=%2F,,,,,"发光植物, 外星植被, 奇幻植被, 孢子"
Alien Planet Fantasy Environment - Grassland Plants,UnrealEngine,https://pan.baidu.com/s/1XXj3r2l9-bd4nGSGBq4Ifw?pwd=2580#list/path=%2F,,,,,"发光植物, 外星植被, 奇幻植被"
Lunar Base Alpha,UnrealEngine,https://pan.baidu.com/s/1_TCU6DRxPyhX9YI7nGvy2w?pwd=2580#list/path=%2F,,,,,"基地, 战舰, 月球, 飞船"
Biomass Structures,UnrealEngine,https://pan.baidu.com/s/1ZzuZlvkLR0cLXhahwolmig?pwd=2580,,,,,"奇幻植物, 珊瑚, 生物质, 钟乳石"
Fairy Fantasy Stylized Plants 01,UnrealEngine,https://pan.baidu.com/s/1aF4x3IwyYOAiVPvwMLozvw?pwd=2580#list/path=%2F,,,,,"发光植物, 外星植被, 奇幻植物, 奇幻植被, 植被"
Plant Monster Pack,UnrealEngine,https://pan.baidu.com/s/1LyXPMq4gAkC8PaFDrVrT_Q?pwd=2580,,,,,"奇幻植物, 食人花"
国风野外竹林场景,UnrealEngine,https://pan.baidu.com/s/1lHki0ROZYKwL5-q4T8z5fQ?pwd=2580#list/path=%2F,,,,,"植被, 竹子, 竹林, 芦苇"
Prismatiscape Interaction Plugin,UnrealEngine,https://pan.baidu.com/s/1Z7MMUdbClrGwJiSj2OrD1g?pwd=2580#list/path=%2F,,,,,"植被交互, 流体交互, 踩踏"
Unity Pure Nature 1.4,UnrealEngine,https://pan.baidu.com/s/1BvCrlvy2Brk98WGu0qJw4Q?pwd=2580,,,,,"Unity, 天空球, 山石, 树木, 植被, 草地"
Alien Tendrils 22 Types - AssetKit PBR,UnrealEngine,https://pan.baidu.com/s/1jbHBv2rGwQV6xazChhoKLw?pwd=2580#list/path=%2F,,,,,"外星, 生物, 触须"
Blender托诺诺,UnrealEngine,https://pan.baidu.com/s/1mvKVXXKTn6xmTnrKaCtLXQ?pwd=2580,,,,,"Blender, 二次元, 卡通, 女性, 少女前线"
Nodachi Sword Animation Pack,UnrealEngine,https://pan.baidu.com/s/1DJSnoGyOp1IE_oNfKxxbaA?pwd=2580,,,,,"侠客, 刀剑, 刺客, 剑客, 太刀, 武士"
Unity KidsRoom,UnrealEngine,https://pan.baidu.com/s/1rE1WjPmaXDEkBFkDQ9PPdw?pwd=2580,,,,,"卡通, 卧室, 室内"
UE勇者斗恶龙,UnrealEngine,https://pan.baidu.com/s/1TbPW3gHaJ0_v6h1YF3skKA?pwd=2580,,,场景素材,,"奇幻植物, 建筑, 房屋, 村庄, 风格化"
Root Motion Fix Tool,UnrealEngine,https://pan.baidu.com/s/11tlpfVz9XoIA_CspIpMASA?pwd=2580,,,引擎插件,,"动画方向, 根运动"
FPS_Controller,UnrealEngine,https://pan.baidu.com/s/1cY7v0oqt2VqzN08oa0vShQ?pwd=2580#list/path=%2F,,,,,"射击, 枪战, 模板, 第三人称"
Mixamo Animation Retargeting 2,UnrealEngine,https://pan.baidu.com/s/1ZIUpvxd0bssgUvs3mC9qlw?pwd=2580,,,,,"mixiamo, 根运动, 重定向"
ResidentialHouses,UnrealEngine,https://pan.baidu.com/s/1mq2Udz_dynVInTALySNILA?pwd=2580#list/path=%2F,,,,,"室内, 室外, 家具"
HouseFurniture,UnrealEngine,https://pan.baidu.com/s/1AYAIglJvJurMZarXATsjtw?pwd=2580#list/path=%2F,,,,,"室内, 室外, 家具"
Rock_Pack,UnrealEngine,https://pan.baidu.com/s/1_Y2Z2dpTbSTZONT32fcTZQ?pwd=2580,,,,,"山石, 岩石"
TrainStation,UnrealEngine,https://pan.baidu.com/s/1S2ouC6bZsdF6WVKJ2pWu1Q?pwd=2580#list/path=%2F,,,,,"室外, 日本, 站台, 街道"
SuburbNeighborhoodHousePack,UnrealEngine,https://pan.baidu.com/s/162ouMppqNBHTyTGqa_79fQ?pwd=2580#list/path=%2F,,,场景素材,,"卡通, 室内, 室外, 家具, 小镇, 阁楼"
Yakohama,UnrealEngine,https://pan.baidu.com/s/1oGcw5GNiyqEjzqMKExB4-g?pwd=2580,,,,,"室外, 日本, 街道, 赛博"
TokyoStreetPart2,UnrealEngine,https://pan.baidu.com/s/1TEB0GMA_mcdVjYegXyHHzA?pwd=2580,,,场景素材,,"室外, 日式, 日本, 街道, 赛博, 霓虹"
Evening_Highway,UnrealEngine,https://pan.baidu.com/s/1y3YemoAcT-kwmjlT9mmuNQ?pwd=2580,,,场景素材,,"公路, 室外, 施工, 末日, 马路, 高速, 高速公路"
Screen Space Fog Scattering,UnrealEngine,https://pan.baidu.com/s/1oq_2v17O7rBqG8LmjluIpw?pwd=2580#list/path=%2F,,,引擎插件,,"体积, 体积雾, 屏幕, 插件, 雾气"
Apocalyptic Hospital,UnrealEngine,https://pan.baidu.com/s/14F4itmtjFp_l6X4wn7KllA?pwd=2580,,,场景素材,,"医院, 室内, 废弃, 末日"
Fluorescence,UnrealEngine,https://pan.baidu.com/s/1LMJCH6N6qMII3GEmjIGvWA?pwd=2580,,,场景素材,,"公寓, 室内, 末日, 管带, 走廊"
FluidNinjaLive,UnrealEngine,https://pan.baidu.com/s/183meAPbdGYNrZmMrbhJTGw?pwd=2580,,,粒子特效,,"Ninja, 体积云, 体积雾, 实时模拟, 流体, 烟雾, 特效, 粒子"
Japanese_Street,UnrealEngine,https://pan.baidu.com/s/1Qg-JHm6Kb5SNqUZIMFPO6g?pwd=2580,,,场景素材,,"城市, 室外, 巷子, 日式, 日本, 街道"
ResistanceHoldout,UnrealEngine,https://pan.baidu.com/s/1315nqwFEHc_KAUIyNpkaoA,,,场景素材,,"城市, 室外, 巷子, 战争, 欧洲, 维多利亚, 街道"
VertexAnimatedFlags,UnrealEngine,https://pan.baidu.com/s/1QMySO4ENxPMe0F8BFDiOfw?pwd=2580#list/path=%2F,,,实用道具,,"动态, 布料, 旗帜, 道具, 顶点动画, 飘动"
原神-蒙德镇,UnrealEngine,https://pan.baidu.com/s/1eJzuCP7c6wAQRH65_yvQEw?pwd=2580,,,场景素材,,"原神, 商贩, 城堡, 城镇, 建筑, 教堂, 蒙德, 街道, 风车"
Comic Sound Effect FX,UnrealEngine,https://pan.baidu.com/s/1iabimA6gN0-m5C4MCxP-XA?pwd=2580,,,粒子特效,,"Niagara, 动漫, 卡通, 特效, 粒子"
绝区零-星见雅,UnrealEngine,,https://pan.baidu.com/s/1vdjVm8LJeMS1DGMQw8AJrA?pwd=2580,https://pan.baidu.com/s/1mVn7oNbxHO1EQb6qgZegIA?pwd=2580,角色动画,,"动作, 星见雅, 绝区零, 角色"
Stylized Environment - Complete Vol. 1,UnrealEngine,https://pan.baidu.com/s/1ChBdPCD31qEPY1NZlx5B3A?pwd=2580,,,山石植被,,"原神, 山石, 树木, 植被, 草地, 风格化"
Stylized tree asia,UnrealEngine,https://pan.baidu.com/s/1kdaQtUdjnQBQ9EguvDQFyw?pwd=2580,,,山石植被,,"原神, 山石, 树木, 植被, 草地, 风格化"
Abandoned Shopping Mall,UnrealEngine,https://pan.baidu.com/s/12BfYoRZOR5s39KtSX5T5Gg?pwd=2580,,,场景素材,,"商城, 废弃, 末日, 美末, 藤蔓, 购物中心"
